,Date,Revenue,Marketing_Spend,Expenses,New_Customers,Retained_Customers,Burn_Rate,CAC,Avg_Revenue_per_Customer,LTV,LTV_CAC_Ratio,Run_Rate,YearMonth
0,2024-01-01,82483.57,14792.6,51943.07,23,83,-15747.900000000009,643.1565217391304,778.1468867924528,4668.881320754717,7.259323606219224,989802.8400000001,2024-01
1,2024-01-02,87679.15,14305.39,51663.68,23,75,-21710.079999999987,621.9734782608696,894.6852040816326,5368.111224489796,8.630771909277923,1052149.7999999998,2024-01
2,2024-01-03,71503.41,14175.77,47033.51,25,79,-10294.130000000005,567.0308,687.5327884615385,4125.196730769231,7.275084053228204,858040.92,2024-01
3,2024-01-04,81763.24,15130.09,45833.76,32,83,-20799.39,472.8153125,710.984695652174,4265.908173913043,9.02235621633562,981158.8800000001,2024-01
4,2024-01-05,77252.81,14600.86,48338.88,22,73,-14313.07,663.6754545454546,813.1874736842105,4879.124842105263,7.351672882714839,927033.72,2024-01
5,2024-01-06,89581.39,15361.3,44300.99,31,82,-29919.100000000006,495.5258064516129,792.7556637168142,4756.533982300885,9.598963203070538,1074976.68,2024-01
6,2024-01-07,79805.76,14605.94,45780.43,35,74,-19419.389999999992,417.31257142857146,732.1629357798165,4392.977614678899,10.526827887404814,957669.1199999999,2024-01
7,2024-01-08,76848.78,15553.33,49096.75,36,86,-12198.699999999997,432.03694444444443,629.9080327868852,3779.4481967213114,8.747974554771693,922185.36,2024-01
8,2024-01-09,76315.91,14612.98,51281.79,26,75,-10421.14,562.0376923076923,755.6030693069307,4533.6184158415845,8.066395684650304,915790.92,2024-01
9,2024-01-10,85453.73,16305.19,54392.72,41,68,-14755.819999999992,397.68756097560976,783.9791743119266,4703.875045871559,11.828066822940054,1025444.76,2024-01
10,2024-01-11,82446.98,17403.05,50252.52,35,75,-14791.410000000003,497.22999999999996,749.5179999999999,4497.107999999999,9.044321541339018,989363.76,2024-01
11,2024-01-12,88527.22,14776.09,51467.34,28,72,-22283.790000000008,527.7175,885.2722,5311.6332,10.065296678620664,1062326.6400000001,2024-01
12,2024-01-13,76725.53,14362.56,53178.21,34,93,-9184.759999999995,422.42823529411766,604.138031496063,3624.8281889763784,8.580932537458285,920706.36,2024-01
13,2024-01-14,82475.76,14071.72,49485.01,23,89,-18919.02999999999,611.8139130434782,736.3907142857142,4418.344285714285,7.221712667067606,989709.1199999999,2024-01
14,2024-01-15,80921.57,14782.52,46257.89,22,99,-19881.160000000003,671.9327272727273,668.7733057851241,4012.6398347107443,5.971788055327263,971058.8400000001,2024-01
15,2024-01-16,78856.77,17973.28,51063.73,52,80,-9819.759999999995,345.64,597.3997727272728,3584.398636363637,10.37032356313979,946281.24,2024-01
16,2024-01-17,81325.15,18848.46,49998.92,30,85,-12477.76999999999,628.2819999999999,707.1752173913043,4243.051304347826,6.75341853554268,975901.7999999999,2024-01
17,2024-01-18,82595.74,16349.75,47883.84,30,83,-18362.15000000001,544.9916666666667,730.9357522123894,4385.614513274337,8.047122151606606,991148.8800000001,2024-01
18,2024-01-19,76199.32,14323.35,50946.95,31,80,-10929.020000000011,462.0435483870968,686.4803603603605,4118.882162162163,8.91448907043583,914391.8400000001,2024-01
19,2024-01-20,78698.62,13588.94,52104.78,30,97,-13004.899999999994,452.9646666666667,619.6741732283464,3718.0450393700785,8.208245174465583,944383.44,2024-01
20,2024-01-21,77363.73,14708.91,53160.55,35,81,-9494.26999999999,420.2545714285714,666.9287068965517,4001.57224137931,9.521781590088992,928364.76,2024-01
21,2024-01-22,75189.68,15591.42,53101.47,28,93,-6496.789999999994,556.8364285714285,621.4023140495867,3728.4138842975203,6.695707559691842,902276.1599999999,2024-01
22,2024-01-23,78007.88,15559.58,51671.22,32,84,-10777.080000000002,486.236875,672.4817241379311,4034.890344827587,8.298198989592443,936094.56,2024-01
23,2024-01-24,77900.24,13758.78,53189.25,25,84,-10952.210000000006,550.3512000000001,714.6811009174312,4288.086605504587,7.791545844734393,934802.8800000001,2024-01
24,2024-01-25,85646.3,18075.59,50127.84,32,93,-17442.87000000001,564.8621875,685.1704,4111.0224,7.277921041581491,1027755.6000000001,2024-01
25,2024-01-26,77831.32,15259.5,55260.6,32,71,-7311.220000000001,476.859375,755.6438834951457,4533.863300970874,9.507757503920047,933975.8400000001,2024-01
26,2024-01-27,76309.54,15973.31,50265.61,31,74,-10070.619999999995,515.268064516129,726.7575238095237,4360.545142857142,8.46267301070169,915714.48,2024-01
27,2024-01-28,85298.0,14589.43,53541.2,23,97,-17167.369999999995,634.3230434782608,710.8166666666667,4264.900000000001,6.723545745104505,1023576.0,2024-01
28,2024-01-29,77372.71,15499.39,51182.63,34,76,-10690.690000000017,455.8644117647059,703.3882727272728,4220.329636363636,9.25786160851257,928472.52,2024-01
29,2024-01-30,76141.15,16050.95,52585.36,32,89,-7504.8399999999965,501.5921875,629.2657024793388,3775.5942148760323,7.527218941933843,913693.7999999999,2024-01
30,2024-01-31,86690.01,16265.09,50134.19,30,82,-20290.729999999996,542.1696666666667,774.0179464285713,4644.107678571429,8.565782934932598,1040280.1199999999,2024-01
31,2024-02-01,85778.85,18769.59,45514.2,33,53,-21495.060000000012,568.7754545454545,997.428488372093,5984.570930232559,10.521851606650674,1029346.2000000001,2024-02
32,2024-02-02,79688.34,16940.63,51344.84,39,83,-11402.869999999995,434.37512820512825,653.1831147540984,3919.09868852459,9.022382807041947,956260.08,2024-02
33,2024-02-03,76723.28,15385.16,49233.2,31,80,-12104.919999999998,496.29548387096776,691.2007207207207,4147.204324324324,8.356320899753662,920679.36,2024-02
34,2024-02-04,78867.07,16605.05,48846.44,40,78,-13415.580000000002,415.12624999999997,668.365,4010.19,9.660169647185645,946404.8400000001,2024-02
35,2024-02-05,81666.32,14623.58,49300.01,30,84,-17742.730000000003,487.4526666666667,716.3712280701754,4298.227368421052,8.817732802270823,979995.8400000001,2024-02
36,2024-02-06,92914.78,16894.3,46737.89,31,59,-29282.589999999997,544.9774193548387,1032.3864444444444,6194.318666666666,11.366193252556581,1114977.3599999999,2024-02
37,2024-02-07,79946.83,16020.93,53655.9,32,80,-10270.0,500.6540625,713.8109821428571,4282.865892857143,8.554541376276445,959361.96,2024-02
38,2024-02-08,81169.16,13493.13,56265.23,29,77,-11410.800000000003,465.2803448275862,765.7467924528303,4594.480754716982,9.874650424830449,974029.92,2024-02
39,2024-02-09,75345.29,17119.15,51434.7,37,63,-6791.439999999988,462.6797297297298,753.4528999999999,4520.7173999999995,9.770727156430077,904143.48,2024-02
40,2024-02-10,82909.01,14806.03,51780.55,28,79,-16322.429999999993,528.7867857142858,774.8505607476635,4649.103364485981,8.792018806230127,994908.1199999999,2024-02
41,2024-02-11,85934.65,15165.92,53240.95,25,66,-17527.78,606.6368,944.3368131868132,5666.020879120879,9.340054673770004,1031215.7999999999,2024-02
42,2024-02-12,84092.96,14469.15,50887.63,35,89,-18736.180000000008,413.4042857142857,678.1690322580646,4069.0141935483875,9.842699590106783,1009115.52,2024-02
43,2024-02-13,80287.0,15948.32,49469.27,34,86,-14869.410000000003,469.06823529411764,669.0583333333333,4014.3499999999995,8.558136530995114,963444.0,2024-02
44,2024-02-14,78671.02,14582.13,53825.88,27,76,-10263.01000000001,540.0788888888889,763.7963106796117,4582.7778640776705,8.485386039631873,944052.24,2024-02
45,2024-02-15,85931.85,15105.48,54916.33,34,67,-15910.040000000008,444.27882352941174,850.810396039604,5104.862376237625,11.490222144021855,1031182.2000000001,2024-02
46,2024-02-16,89471.39,15473.11,53701.86,29,94,-20296.42,533.5555172413793,727.4096747967479,4364.458048780488,8.179951116138524,1073656.68,2024-02
47,2024-02-17,81456.67,15937.45,51301.57,44,83,-14217.649999999994,362.21477272727276,641.3911023622047,3848.3466141732283,10.624488297916043,977480.04,2024-02
48,2024-02-18,78041.91,13639.52,55202.33,32,66,-9200.059999999998,426.235,796.3460204081633,4778.07612244898,11.209957235912066,936502.92,2024-02
49,2024-02-19,87094.31,15584.11,49732.51,30,76,-21777.689999999995,519.4703333333333,821.6444339622641,4929.866603773585,9.490179298863236,1045131.72,2024-02
50,2024-02-20,85264.66,14634.41,49333.34,20,64,-21296.910000000003,731.7205,1015.0554761904763,6090.332857142857,8.323304946551119,1023175.92,2024-02
51,2024-02-21,84482.44,14783.04,52532.15,27,77,-17167.25,547.52,812.3311538461538,4873.986923076923,8.901934035426876,1013789.28,2024-02
52,2024-02-22,84882.54,17712.23,54444.98,27,61,-12725.329999999987,656.0085185185185,964.5743181818181,5787.445909090909,8.822211519693147,1018590.48,2024-02
53,2024-02-23,82592.31,15992.88,49426.31,36,104,-17173.120000000003,444.24666666666667,589.9450714285714,3539.6704285714286,7.967804137126736,991107.72,2024-02
54,2024-02-24,86906.72,14916.57,52616.28,20,83,-19373.869999999995,745.8285,843.7545631067961,5062.527378640777,6.7877901939129135,1042880.64,2024-02
55,2024-02-25,83582.96,18757.77,49677.96,39,59,-15147.23000000001,480.96846153846155,852.8873469387755,5117.324081632653,10.639625029183826,1002995.52,2024-02
56,2024-02-26,94533.01,14325.15,49496.83,28,82,-30711.02999999999,511.6125,859.391,5156.346,10.078616140145128,1134396.1199999999,2024-02
57,2024-02-27,80651.04,16059.83,57680.51,29,85,-6910.699999999997,553.7872413793103,707.4652631578947,4244.791578947368,7.665022343914829,967812.48,2024-02
58,2024-02-28,77110.83,18303.99,55626.32,38,90,-3180.520000000004,481.6839473684211,602.428359375,3614.57015625,7.504028681041674,925329.96,2024-02
59,2024-02-29,81430.12,13174.76,50325.87,32,79,-17929.48999999999,411.71125,733.6046846846847,4401.628108108108,10.69105619073588,977161.44,2024-02
60,2024-03-01,84441.48,16347.66,54294.84,35,67,-13798.979999999996,467.076,827.8576470588235,4967.145882352941,10.634556008771465,1013297.76,2024-03
61,2024-03-02,78280.79,17912.33,52543.02,36,81,-7825.439999999988,497.56472222222226,669.0665811965812,4014.399487179487,8.068095079672021,939369.48,2024-03
62,2024-03-03,82723.18,17052.56,54168.13,38,69,-11502.48999999999,448.75157894736844,773.1138317757009,4638.682990654205,10.336861658593184,992678.1599999999,2024-03
63,2024-03-04,90875.16,17192.44,46991.78,32,94,-26690.940000000002,537.26375,721.2314285714286,4327.388571428572,8.054495713564467,1090501.92,2024-03
64,2024-03-05,91607.79,15725.54,57189.85,25,80,-18692.399999999994,629.0216,872.4551428571428,5234.730857142857,8.322020829082588,1099293.48,2024-03
65,2024-03-06,77259.49,16200.1,52241.92,32,83,-8817.470000000001,506.253125,671.8216521739131,4030.9299130434783,7.9622815425454965,927113.8800000001,2024-03
66,2024-03-07,86056.99,14223.78,50834.4,36,84,-20998.810000000005,395.105,717.1415833333334,4302.8495,10.890394958302224,1032683.8800000001,2024-03
67,2024-03-08,78991.93,14847.81,50033.38,24,68,-14110.739999999998,618.6587499999999,858.6079347826086,5151.647608695652,8.327123165550722,947903.1599999999,2024-03
68,2024-03-09,81583.75,13855.98,58342.18,30,62,-9385.589999999997,461.866,886.7798913043479,5320.679347826087,11.519963253034618,979005.0,2024-03
69,2024-03-10,84592.32,16583.65,54756.52,27,77,-13252.150000000009,614.2092592592593,813.3876923076924,4880.326153846155,7.945705930470444,1015107.8400000001,2024-03
70,2024-03-11,76904.04,17722.31,57454.9,36,67,-1726.8299999999872,492.28638888888895,746.6411650485436,4479.846990291262,9.100082983001958,922848.48,2024-03
71,2024-03-12,83298.82,13271.93,53166.39,23,72,-16860.5,577.0404347826087,876.8296842105264,5260.978105263158,9.117174097591882,999585.8400000001,2024-03
72,2024-03-13,93043.71,17013.66,52568.08,24,82,-23461.97,708.9025,877.7708490566039,5266.6250943396235,7.429265793729918,1116524.52,2024-03
73,2024-03-14,92071.72,14144.93,52056.98,25,84,-25869.809999999998,565.7972,844.6946788990825,5068.168073394495,8.957570085879702,1104860.6400000001,2024-03
74,2024-03-15,77743.16,16554.85,50712.07,27,65,-10476.240000000005,613.1425925925926,845.034347826087,5070.206086956522,8.269212004205782,932917.92,2024-03
75,2024-03-16,82364.37,16125.69,52549.29,24,89,-13689.39,671.9037500000001,728.8882300884956,4373.329380530973,6.508862884797075,988372.44,2024-03
76,2024-03-17,87368.59,14263.27,53034.0,30,88,-20071.319999999992,475.44233333333335,740.4117796610169,4442.470677966101,9.343868575648012,1048423.08,2024-03
77,2024-03-18,88684.94,14594.31,47357.35,29,67,-26733.280000000006,503.2520689655172,923.8014583333334,5542.80875,11.013981048093402,1064219.28,2024-03
78,2024-03-19,88184.96,13256.52,52609.76,27,76,-22318.680000000008,490.9822222222222,856.1646601941749,5136.9879611650495,10.462676098361888,1058219.52,2024-03
79,2024-03-20,79000.92,17267.84,51113.32,30,87,-10619.759999999995,575.5946666666666,675.2215384615384,4051.329230769231,7.038510718368768,948011.04,2024-03
80,2024-03-21,72761.78,14572.66,54611.22,22,98,-3577.899999999994,662.3936363636363,606.3481666666667,3638.089,5.492336882902641,873141.36,2024-03
81,2024-03-22,84168.77,15907.48,52448.97,33,69,-15812.320000000007,482.04484848484844,825.1840196078432,4951.104117647059,10.271044557802552,1010025.24,2024-03
82,2024-03-23,82809.97,15138.36,54135.36,33,76,-13536.25,458.73818181818183,759.724495412844,4558.346972477064,9.936707152673282,993719.64,2024-03
83,2024-03-24,83207.08,17598.62,51763.77,34,79,-13844.690000000002,517.6064705882353,736.3458407079646,4418.075044247787,8.53558696672948,998484.96,2024-03
84,2024-03-25,85468.09,18321.06,54004.78,34,94,-13142.25,538.854705882353,667.719453125,4006.31671875,7.434873770267659,1025617.08,2024-03
85,2024-03-26,84344.5,13598.12,56491.26,21,83,-14255.119999999995,647.5295238095239,811.0048076923077,4866.028846153847,7.514759817477032,1012134.0,2024-03
86,2024-03-27,86413.33,16197.93,51717.92,28,87,-18497.479999999996,578.4975000000001,751.4202608695653,4508.521565217392,7.793502245415739,1036959.96,2024-03
87,2024-03-28,81318.78,17391.51,51601.95,27,88,-12325.320000000007,644.13,707.1198260869566,4242.7189565217395,6.586743291760576,975825.36,2024-03
88,2024-03-29,89416.94,14461.55,55776.82,32,73,-19178.570000000007,451.9234375,851.5899047619048,5109.539428571428,11.306205884866126,1073003.28,2024-03
89,2024-03-30,92474.19,13186.32,57692.13,26,69,-21595.740000000005,507.16615384615386,973.4125263157895,5840.475157894737,11.51590088100874,1109690.28,2024-03
90,2024-03-31,97988.76,16057.83,53568.18,36,82,-28362.75,446.05083333333334,830.413220338983,4982.479322033898,11.170205164285605,1175865.1199999999,2024-03
91,2024-04-01,89452.83,18263.38,51742.35,36,92,-19447.100000000006,507.3161111111111,698.850234375,4193.10140625,8.265263638220308,1073433.96,2024-04
92,2024-04-02,77425.68,18177.53,52837.98,42,75,-6410.169999999984,432.7983333333333,661.7579487179487,3970.547692307692,9.174128887528893,929108.1599999999,2024-04
93,2024-04-03,83817.59,17127.56,53567.95,31,86,-13122.080000000002,552.501935483871,716.3896581196581,4298.337948717948,7.779769938640203,1005811.08,2024-04
94,2024-04-04,84718.04,13647.69,52646.77,27,95,-18423.58,505.47,694.4101639344261,4166.4609836065565,8.242746322445559,1016616.48,2024-04
95,2024-04-05,84716.38,18685.43,56799.7,30,80,-9231.25,622.8476666666667,770.1489090909091,4620.893454545455,7.418978510869894,1016596.56,2024-04
96,2024-04-06,86213.65,15885.41,54050.25,26,82,-16277.98999999999,610.9773076923077,798.274537037037,4789.647222222222,7.839320973004648,1034563.7999999999,2024-04
97,2024-04-07,85486.2,15548.73,58003.98,31,77,-11933.48999999999,501.57193548387096,791.5388888888889,4749.233333333334,9.468698300975921,1025834.3999999999,2024-04
98,2024-04-08,84558.56,15383.64,49305.46,33,86,-19869.46,466.17090909090905,710.5761344537815,4263.456806722689,9.145694687463354,1014702.72,2024-04
99,2024-04-09,82446.92,17032.91,50176.84,40,84,-15237.169999999998,425.82275,664.8945161290322,3989.3670967741937,9.36860958409149,989363.04,2024-04
100,2024-04-10,85198.37,15397.77,55732.88,37,84,-14067.720000000001,416.155945945946,704.1187603305784,4224.712561983471,10.151753454778737,1022380.44,2024-04
101,2024-04-11,88685.32,16859.25,52707.36,28,71,-19118.710000000006,602.1160714285714,895.8113131313132,5374.86787878788,8.926630817270082,1064223.84,2024-04
102,2024-04-12,91148.14,15701.85,52103.83,27,82,-23342.459999999992,581.5500000000001,836.2214678899082,5017.32880733945,8.62751063079606,1093777.68,2024-04
103,2024-04-13,91837.05,14068.16,58972.38,29,87,-18796.51000000001,485.10896551724136,791.6987068965517,4750.19224137931,9.792010824443281,1102044.6,2024-04
104,2024-04-14,86467.83,17653.35,54086.68,34,74,-14727.800000000003,519.2161764705882,800.6280555555555,4803.768333333333,9.25196199777002,1037613.96,2024-04
105,2024-04-15,87471.51,13985.72,56009.79,22,68,-17476.0,635.7145454545454,971.9056666666667,5831.434,9.173038499269255,1049658.1199999999,2024-04
106,2024-04-16,88825.26,13463.72,56903.47,22,69,-18458.069999999992,611.9872727272727,976.1017582417581,5856.610549450549,9.569824096751276,1065903.1199999999,2024-04
107,2024-04-17,89210.99,16411.24,56800.07,34,78,-15999.680000000008,482.68352941176477,796.5266964285714,4779.160178571428,9.901229040062088,1070531.8800000001,2024-04
108,2024-04-18,83787.91,16075.94,55440.98,22,73,-12270.990000000005,730.7245454545455,881.9780000000001,5291.868,7.241946411842791,1005454.92,2024-04
109,2024-04-19,83347.28,14661.55,49868.95,33,82,-18816.78,444.2893939393939,724.7589565217392,4348.553739130435,9.787660471867188,1000167.36,2024-04
110,2024-04-20,89506.59,16333.25,51384.93,34,80,-21788.410000000003,480.3897058823529,785.1455263157894,4710.873157894736,9.806357422339158,1074079.08,2024-04
111,2024-04-21,90605.55,17789.51,51886.47,27,86,-20929.570000000007,658.8707407407406,801.8190265486726,4810.914159292035,7.301757176048411,1087266.6,2024-04
112,2024-04-22,84033.16,18793.87,56155.26,43,74,-9084.029999999999,437.0667441860465,718.2321367521367,4309.39282051282,9.85980488755383,1008397.92,2024-04
113,2024-04-23,84419.67,14994.09,53325.44,39,100,-16100.14,384.46384615384613,607.3357553956835,3644.014532374101,9.478172184013165,1013036.04,2024-04
114,2024-04-24,88184.51,14091.38,55244.59,33,85,-18848.539999999994,427.01151515151514,747.3263559322033,4483.9581355932205,10.500789736319387,1058214.1199999999,2024-04
115,2024-04-25,90412.93,15998.75,49157.12,44,71,-25257.05999999999,363.60795454545456,786.1993913043477,4717.196347826086,12.97330349585735,1084955.16,2024-04
116,2024-04-26,82018.72,17693.33,54057.33,32,72,-10268.059999999998,552.9165625,788.6415384615385,4731.849230769231,8.55798062798893,984224.64,2024-04
117,2024-04-27,90895.5,16456.4,52775.75,30,63,-21663.350000000006,548.5466666666667,977.3709677419355,5864.225806451613,10.69047751595418,1090746.0,2024-04
118,2024-04-28,94786.89,16427.63,57343.53,41,72,-21015.729999999996,400.6739024390244,838.8220353982301,5032.932212389381,12.561168026548236,1137442.68,2024-04
119,2024-04-29,80188.2,16265.83,57480.44,44,87,-6441.929999999993,369.67795454545455,612.1236641221374,3672.741984732824,9.93497702412015,962258.3999999999,2024-04
120,2024-04-30,99174.49,15607.74,52983.49,30,73,-30583.26000000001,520.258,962.8591262135923,5777.154757281553,11.104403502265324,1190093.8800000001,2024-04
121,2024-05-01,95010.92,14144.92,51600.04,25,58,-29265.959999999992,565.7968,1144.7098795180723,6868.259277108434,12.139091767766155,1140131.04,2024-05
122,2024-05-02,87634.58,16522.52,59043.5,38,78,-12068.559999999998,434.80315789473684,755.4705172413793,4532.823103448276,10.425000419490155,1051614.96,2024-05
123,2024-05-03,82880.23,16106.6,56452.46,34,98,-10321.169999999998,473.72352941176473,627.8805303030302,3767.283181818181,7.952493274919483,994562.76,2024-05
124,2024-05-04,89381.84,19873.35,52550.78,34,88,-16957.709999999992,584.510294117647,732.6380327868852,4395.8281967213115,7.520531701425507,1072582.08,2024-05
125,2024-05-05,85345.02,18330.76,52787.76,40,89,-14226.5,458.26899999999995,661.5893023255815,3969.5358139534887,8.662021245062375,1024140.24,2024-05
126,2024-05-06,89078.62,13935.98,59178.52,24,91,-15964.119999999995,580.6658333333334,774.5966956521738,4647.580173913043,8.003880902090346,1068943.44,2024-05
127,2024-05-07,97107.39,17207.02,60602.61,25,77,-19297.759999999995,688.2808,952.0332352941176,5712.1994117647055,8.29922818094694,1165288.68,2024-05
128,2024-05-08,88026.37,18920.64,53055.17,45,79,-16050.559999999998,420.45866666666666,709.8900806451612,4259.340483870968,10.130224018542371,1056316.44,2024-05
129,2024-05-09,89374.94,15504.24,57776.48,34,74,-16094.220000000001,456.0070588235294,827.5457407407407,4965.274444444444,10.888591192545466,1072499.28,2024-05
130,2024-05-10,91273.27,17911.06,57141.45,39,83,-16220.76000000001,459.25794871794875,748.1415573770493,4488.849344262296,9.77413533460496,1095279.24,2024-05
131,2024-05-11,90920.37,16006.92,55156.14,29,70,-19757.309999999998,551.9627586206897,918.3875757575757,5510.325454545455,9.983147175210357,1091044.44,2024-05
132,2024-05-12,88591.72,18184.88,55325.3,39,83,-15081.539999999994,466.2789743589744,726.1616393442623,4356.969836065574,9.344126747416391,1063100.6400000001,2024-05
133,2024-05-13,88744.18,15815.13,55445.45,36,104,-17483.59999999999,439.30916666666667,633.887,3803.3219999999997,8.657506577562119,1064930.16,2024-05
134,2024-05-14,91615.48,16566.31,53484.7,30,63,-21564.47,552.2103333333333,985.112688172043,5910.676129032258,10.7036680993515,1099385.76,2024-05
135,2024-05-15,89610.45,18088.57,50290.44,41,87,-21231.439999999988,441.18463414634147,700.081640625,4200.48984375,9.52093413651549,1075325.4,2024-05
136,2024-05-16,96531.62,16206.97,53230.4,31,70,-27094.25,522.8054838709677,955.758613861386,5734.551683168316,10.968805531090501,1158379.44,2024-05
137,2024-05-17,98173.79,14783.35,57057.07,20,84,-26333.369999999995,739.1675,943.97875,5663.8724999999995,7.662502071587292,1178085.48,2024-05
138,2024-05-18,92083.01,16176.04,60507.91,31,93,-15399.059999999983,521.8077419354839,742.6049193548387,4455.629516129032,8.538833670045324,1104996.1199999999,2024-05
139,2024-05-19,83545.58,14457.09,59335.29,36,106,-9753.199999999997,401.5858333333333,588.3491549295775,3530.094929577465,8.79038710174653,1002546.96,2024-05
140,2024-05-20,90673.63,17029.13,56749.3,39,68,-16895.199999999997,436.644358974359,847.4171028037383,5084.50261682243,11.644493996820435,1088083.56,2024-05
141,2024-05-21,91262.54,16648.38,57203.01,39,67,-17411.149999999994,426.88153846153847,860.967358490566,5165.804150943396,12.101259214818045,1095150.48,2024-05
142,2024-05-22,85706.04,19064.61,54991.53,26,74,-11649.899999999994,733.2542307692308,857.0604,5142.3624,7.013068843265086,1028472.48,2024-05
143,2024-05-23,81998.12,15703.52,49479.38,30,83,-16815.22,523.4506666666667,725.6470796460177,4353.882477876106,8.31765580814258,983977.44,2024-05
144,2024-05-24,93145.0,17020.59,52283.07,27,83,-23841.339999999997,630.3922222222222,846.7727272727273,5080.636363636364,8.059484531275462,1117740.0,2024-05
145,2024-05-25,89041.44,16060.55,55300.66,29,65,-17680.229999999996,553.8120689655173,947.2493617021277,5683.496170212766,10.262499661354699,1068497.28,2024-05
146,2024-05-26,84335.9,15979.95,60649.06,37,70,-7706.889999999999,431.89054054054054,788.1859813084112,4729.1158878504675,10.949801961236881,1012030.7999999999,2024-05
147,2024-05-27,92612.21,18510.23,58065.9,24,86,-16036.080000000002,771.2595833333334,841.9291818181819,5051.575090909091,6.549772865157169,1111346.52,2024-05
148,2024-05-28,94719.76,15617.95,59280.18,30,81,-19821.62999999999,520.5983333333334,853.3311711711711,5119.987027027027,9.834812559318655,1136637.1199999999,2024-05
149,2024-05-29,90524.0,15453.27,53912.34,38,71,-21158.39,406.665,830.4954128440367,4982.97247706422,12.25326122745803,1086288.0,2024-05
150,2024-05-30,89478.23,19653.41,60582.63,33,64,-9242.190000000002,595.5578787878787,922.4559793814433,5534.73587628866,9.293363539331128,1073738.76,2024-05
151,2024-05-31,91845.62,16063.54,50430.25,39,87,-25351.829999999987,411.88564102564106,728.933492063492,4373.600952380953,10.618483668161385,1102147.44,2024-05
152,2024-06-01,83599.17,14262.64,56145.36,27,80,-13191.169999999998,528.2459259259259,781.3006542056074,4687.803925233645,8.874283160852999,1003190.04,2024-06
153,2024-06-02,95027.49,16209.86,58158.98,28,95,-20658.65000000001,578.9235714285714,772.5812195121952,4635.487317073171,8.007079942581168,1140329.8800000001,2024-06
154,2024-06-03,97238.7,18548.54,53667.31,31,108,-25022.84999999999,598.34,699.5589928057553,4197.353956834532,7.014998089438333,1166864.4,2024-06
155,2024-06-04,91899.02,16449.67,59098.19,28,79,-16351.160000000003,587.4882142857142,858.8693457943925,5153.216074766355,8.771607582003648,1102788.24,2024-06
156,2024-06-05,95727.83,13888.03,54528.68,43,84,-27311.119999999995,322.97744186046515,753.7624409448819,4522.574645669291,14.002757033487075,1148733.96,2024-06
157,2024-06-06,84449.65,15805.65,56691.51,27,70,-11952.48999999999,585.3944444444444,870.6149484536082,5223.68969072165,8.923367381251929,1013395.7999999999,2024-06
158,2024-06-07,95093.33,15776.17,51018.25,33,70,-28298.910000000003,478.0657575757576,923.2362135922331,5539.417281553398,11.587145060636526,1141119.96,2024-06
159,2024-06-08,88035.42,16043.95,61954.24,33,71,-10037.229999999996,486.18030303030304,846.4944230769231,5078.966538461538,10.446672781280842,1056425.04,2024-06
160,2024-06-09,89881.99,16480.17,57942.89,18,79,-15458.930000000008,915.5649999999999,926.6184536082475,5559.710721649485,6.072436934187617,1078583.8800000001,2024-06
161,2024-06-10,90563.73,16663.55,49801.4,19,84,-24098.78,877.028947368421,879.2595145631068,5275.557087378641,6.015259933219164,1086764.76,2024-06
162,2024-06-11,95358.05,12210.82,62097.12,18,75,-21050.11,678.3788888888889,1025.3553763440862,6152.132258064517,9.068873396312558,1144296.6,2024-06
163,2024-06-12,89734.05,17483.96,52707.75,53,85,-19542.34000000001,329.886037735849,650.2467391304348,3901.4804347826084,11.82675223710637,1076808.6,2024-06
164,2024-06-13,89542.59,16900.55,58514.2,46,80,-14127.839999999997,367.4032608695652,710.6554761904762,4263.932857142857,11.605593393621593,1074511.08,2024-06
165,2024-06-14,93038.41,16885.65,59091.96,37,72,-17060.800000000003,456.36891891891895,853.5633944954129,5121.3803669724775,11.222018316024652,1116460.92,2024-06
166,2024-06-15,98791.16,14874.08,56883.91,31,92,-27033.17,479.8090322580645,803.1801626016261,4819.080975609757,10.043747932235302,1185493.92,2024-06
167,2024-06-16,86916.62,18387.41,52329.18,43,88,-16200.029999999999,427.61418604651163,663.4856488549618,3980.913893129771,9.30959267262655,1042999.44,2024-06
168,2024-06-17,90001.72,16801.16,55528.78,30,77,-17671.78,560.0386666666667,841.137570093458,5046.825420560748,9.0115660238235,1080020.6400000001,2024-06
169,2024-06-18,90893.9,15135.31,49623.83,26,72,-26134.759999999995,582.1273076923077,927.488775510204,5564.932653061224,9.559648859494244,1090726.7999999998,2024-06
170,2024-06-19,99090.08,18146.73,54055.55,34,80,-26887.800000000003,533.7273529411765,869.2112280701755,5215.267368421053,9.771407329381976,1189080.96,2024-06
171,2024-06-20,102206.18,14557.24,51219.8,30,83,-36429.139999999985,485.24133333333333,904.4794690265486,5426.876814159292,11.183871697160916,1226474.16,2024-06
172,2024-06-21,93981.77,17931.32,58468.79,33,80,-17581.660000000003,543.3733333333333,831.6970796460178,4990.1824778761065,9.183708827342969,1127781.24,2024-06
173,2024-06-22,92477.96,15177.91,52917.23,36,75,-24382.820000000007,421.6086111111111,833.1347747747749,4998.808648648649,11.85651458938361,1109735.52,2024-06
174,2024-06-23,86187.86,18081.56,53316.54,30,71,-14789.759999999995,602.7186666666668,853.3451485148515,5120.070891089109,8.494959878056608,1034254.3200000001,2024-06
175,2024-06-24,90076.83,15777.95,57259.35,33,104,-17039.53,478.119696969697,657.4951094890511,3944.970656934306,8.251010535515203,1080921.96,2024-06
176,2024-06-25,92383.57,18735.81,56711.67,51,72,-16936.09000000001,367.36882352941177,751.0859349593496,4506.515609756098,12.267006128774842,1108602.84,2024-06
177,2024-06-26,89180.97,14595.29,61620.73,27,88,-12964.949999999997,540.5662962962963,775.4866956521739,4652.920173913044,8.607492190676046,1070171.6400000001,2024-06
178,2024-06-27,89917.25,18580.41,54387.53,39,82,-16949.309999999998,476.4207692307692,743.1177685950413,4458.706611570247,9.358757845022776,1079007.0,2024-06
179,2024-06-28,92850.97,17669.07,57685.4,30,83,-17496.5,588.9689999999999,821.69,4930.14,8.37079710477122,1114211.6400000001,2024-06
180,2024-06-29,88732.54,14673.3,56215.15,33,78,-17844.089999999997,444.6454545454545,799.3922522522522,4796.3535135135135,10.786916777135747,1064790.48,2024-06
181,2024-06-30,104482.55,17591.07,61401.19,31,71,-25490.289999999994,567.453870967742,1024.338725490196,6146.032352941176,10.830893341972743,1253790.6,2024-06
182,2024-07-01,88401.61,14911.29,56654.25,25,92,-16836.069999999992,596.4516,755.5693162393162,4533.415897435897,7.60064336726718,1060819.32,2024-07
183,2024-07-02,87862.13,13766.2,57710.17,25,81,-16385.76000000001,550.648,828.8880188679245,4973.328113207547,9.031773679751034,1054345.56,2024-07
184,2024-07-03,88250.94,16682.75,58298.98,27,71,-13269.209999999992,617.8796296296297,900.5197959183673,5403.118775510204,8.74461386394782,1059011.28,2024-07
185,2024-07-04,92220.03,16609.16,53948.28,38,84,-21662.589999999997,437.0831578947368,755.9018852459017,4535.41131147541,10.37654100725537,1106640.3599999999,2024-07
186,2024-07-05,86442.44,16310.99,60335.29,33,65,-9796.160000000003,494.2724242424242,882.0657142857143,5292.394285714286,10.707443964380545,1037309.28,2024-07
187,2024-07-06,92676.58,16995.51,56274.59,39,56,-19406.48000000001,435.78230769230765,975.5429473684211,5853.257684210526,13.431609271166947,1112118.96,2024-07
188,2024-07-07,88102.05,14807.95,51259.38,28,83,-22034.72,528.8553571428572,793.7121621621621,4762.272972972973,9.00486854988322,1057224.6,2024-07
189,2024-07-08,94635.96,16805.29,59319.47,31,88,-18511.199999999997,542.1061290322581,795.2601680672269,4771.5610084033615,8.801894597504964,1135631.52,2024-07
190,2024-07-09,91285.2,15690.38,58449.53,29,84,-17145.289999999994,541.0475862068965,807.833628318584,4847.001769911504,8.958549845665537,1095422.4,2024-07
191,2024-07-10,87731.66,16796.06,59329.3,35,70,-11606.300000000003,479.8874285714286,835.5396190476191,5013.237714285715,10.44669523685912,1052779.92,2024-07
192,2024-07-11,86962.43,16385.36,55083.46,29,78,-15493.609999999986,565.0124137931035,812.7329906542055,4876.397943925233,8.630603195403198,1043549.1599999999,2024-07
193,2024-07-12,91417.14,15038.26,58747.79,32,69,-17631.089999999997,469.945625,905.1201980198019,5430.721188118811,11.556062870292305,1097005.68,2024-07
194,2024-07-13,91348.79,19098.49,57430.0,30,75,-14820.299999999988,636.6163333333334,869.9884761904761,5219.930857142857,8.199492510365255,1096185.48,2024-07
195,2024-07-14,90794.57,16289.73,57531.25,38,75,-16973.59000000001,428.6771052631579,803.4917699115044,4820.950619469027,11.24611172437008,1089534.84,2024-07
196,2024-07-15,79774.39,18283.08,52955.36,34,90,-8535.949999999997,537.7376470588235,643.3418548387097,3860.051129032258,7.178316694293126,957292.6799999999,2024-07
197,2024-07-16,91484.17,16026.43,49318.87,37,81,-26138.869999999995,433.14675675675676,775.2895762711864,4651.737457627119,10.739402719894786,1097810.04,2024-07
198,2024-07-17,92595.45,17769.74,57486.74,35,66,-17338.97,507.7068571428572,916.7866336633663,5500.719801980198,10.834440631619085,1111145.4,2024-07
199,2024-07-18,87870.66,16245.48,54509.59,37,77,-17115.59000000001,439.067027027027,770.7952631578947,4624.771578947369,10.533178977848156,1054447.92,2024-07
200,2024-07-19,100155.85,16606.01,55192.78,36,73,-28357.060000000012,461.2780555555555,918.861009174312,5513.166055045872,11.951936556803917,1201870.2000000002,2024-07
201,2024-07-20,98063.52,20165.56,55418.86,43,84,-22479.100000000006,468.966511627907,772.1537007874016,4632.922204724409,9.879004342212644,1176762.24,2024-07
202,2024-07-21,93088.02,15809.07,58651.92,32,58,-18627.030000000013,494.0334375,1034.3113333333333,6205.868,12.561635567430596,1117056.24,2024-07
203,2024-07-22,89603.42,16400.82,57862.04,22,76,-15340.559999999998,745.4918181818182,914.3206122448979,5485.923673469388,7.358797963536367,1075241.04,2024-07
204,2024-07-23,99058.07,15973.06,54203.27,26,84,-28881.740000000005,614.3484615384615,900.5279090909091,5403.167454545455,8.794955620161813,1188696.84,2024-07
205,2024-07-24,95803.26,18462.07,55109.61,39,71,-22231.58,473.3864102564103,870.9387272727272,5225.632363636363,11.038830541852466,1149639.1199999999,2024-07
206,2024-07-25,99824.97,17811.95,58783.66,41,82,-23229.36,434.4378048780488,811.5851219512195,4869.510731707317,11.208763779372838,1197899.6400000001,2024-07
207,2024-07-26,104073.01,17794.64,60669.52,28,96,-25608.84999999999,635.5228571428571,839.2984677419355,5035.790806451613,7.923854743936667,1248876.1199999999,2024-07
208,2024-07-27,88087.95,14047.27,63656.62,39,68,-10384.059999999998,360.1864102564103,823.2518691588784,4939.511214953271,13.713763413330671,1057055.4,2024-07
209,2024-07-28,87859.96,17467.51,59971.21,31,91,-10421.240000000005,563.468064516129,720.1636065573771,4320.9816393442625,7.668547538811895,1054319.52,2024-07
210,2024-07-29,92604.39,17439.87,56813.93,42,88,-18350.589999999997,415.23499999999996,712.3414615384615,4274.048769230769,10.29308408306325,1111252.68,2024-07
211,2024-07-30,101540.73,17297.13,53705.5,20,68,-30538.09999999999,864.8565000000001,1153.8719318181818,6923.23159090909,8.005063950966536,1218488.76,2024-07
212,2024-07-31,90924.92,17914.75,61346.85,40,82,-11663.319999999992,447.86875,745.2862295081967,4471.71737704918,9.98443713040747,1091099.04,2024-07
213,2024-08-01,93738.36,17893.06,52385.71,39,84,-23459.589999999997,458.7964102564103,762.1004878048781,4572.602926829269,9.966518535473611,1124860.32,2024-08
214,2024-08-02,93003.72,15217.95,57076.93,36,81,-20708.839999999997,422.72083333333336,794.9035897435898,4769.421538461539,11.282674432799121,1116044.6400000001,2024-08
215,2024-08-03,89507.4,15270.18,59073.81,28,81,-15163.410000000003,545.3635714285714,821.1688073394495,4927.012844036697,9.03436368353402,1074088.7999999998,2024-08
216,2024-08-04,89899.51,18046.02,57413.16,33,75,-14440.329999999987,546.8490909090909,832.4028703703704,4994.417222222222,9.133081329475049,1078794.1199999999,2024-08
217,2024-08-05,95985.66,19673.65,56613.09,48,77,-19698.920000000013,409.8677083333334,767.8852800000001,4607.311680000001,11.240972602440321,1151827.92,2024-08
218,2024-08-06,86323.72,18986.68,56192.43,41,82,-11144.61,463.089756097561,701.8188617886179,4210.913170731707,9.093082097554706,1035884.64,2024-08
219,2024-08-07,106807.0,20194.66,61509.1,44,74,-25103.240000000005,458.9695454545454,905.1440677966102,5430.864406779661,11.832733697834234,1281684.0,2024-08
220,2024-08-08,89989.01,17106.94,57409.45,40,88,-15472.619999999995,427.6735,703.039140625,4218.2348437499995,9.863213043945906,1079868.1199999999,2024-08
221,2024-08-09,91877.86,15409.07,57375.02,28,65,-19093.770000000004,550.3239285714286,987.9339784946237,5927.603870967742,10.771117814838714,1102534.32,2024-08
222,2024-08-10,101775.25,18077.42,54919.44,39,68,-28778.39,463.5235897435897,951.1705607476636,5707.023364485982,12.312260887613018,1221303.0,2024-08
223,2024-08-11,103542.46,16582.49,61294.25,34,71,-25665.72,487.7202941176471,986.1186666666667,5916.712,12.131363142688462,1242509.52,2024-08
224,2024-08-12,95040.43,14497.74,59033.5,25,71,-21509.189999999988,579.9096,990.0044791666666,5940.026875,10.24302214517573,1140485.16,2024-08
225,2024-08-13,93661.99,15405.12,49483.21,24,86,-28773.660000000003,641.88,851.4726363636364,5108.8358181818185,7.959175886741788,1123943.8800000001,2024-08
226,2024-08-14,102770.3,16483.96,56329.36,35,87,-29956.979999999996,470.9702857142857,842.3795081967213,5054.277049180328,10.731626182137756,1233243.6,2024-08
227,2024-08-15,96871.87,17028.97,57560.98,30,94,-22281.919999999984,567.6323333333333,781.2247580645161,4687.348548387096,8.257719430571132,1162462.44,2024-08
228,2024-08-16,99159.92,15984.03,62686.07,21,54,-20489.819999999992,761.1442857142857,1322.1322666666667,7932.793600000001,10.422194252638416,1189919.04,2024-08
229,2024-08-17,93300.38,13562.04,60896.14,25,97,-18842.20000000001,542.4816000000001,764.7572131147541,4588.543278688525,8.458431177552427,1119604.56,2024-08
230,2024-08-18,86907.27,16414.42,60662.79,27,79,-9830.060000000012,607.9414814814814,819.8799056603774,4919.279433962264,8.091698927953662,1042887.24,2024-08
231,2024-08-19,88512.55,14794.9,61810.22,22,72,-11907.430000000008,672.4954545454545,941.6228723404256,5649.737234042554,8.401153042530614,1062150.6,2024-08
232,2024-08-20,95850.85,18950.16,55304.53,46,63,-21596.160000000003,411.96,879.3655963302753,5276.193577981651,12.80753854253241,1150210.2000000002,2024-08
233,2024-08-21,95220.4,15995.41,58646.43,31,91,-20578.559999999998,515.9809677419355,780.4950819672131,4682.9704918032785,9.07585896490941,1142644.7999999998,2024-08
234,2024-08-22,83161.34,15731.8,60281.46,20,89,-7148.080000000002,786.5899999999999,762.9480733944954,4577.688440366972,5.819662645554828,997936.08,2024-08
235,2024-08-23,105327.48,16287.05,56062.42,26,87,-32978.009999999995,626.425,932.1015929203539,5592.609557522123,8.927819862748333,1263929.76,2024-08
236,2024-08-24,96719.4,16887.07,57620.57,33,81,-22211.759999999995,511.72939393939396,848.4157894736842,5090.494736842105,9.947630128600727,1160632.7999999998,2024-08
237,2024-08-25,87352.05,17723.33,56276.63,42,71,-13352.090000000011,421.98404761904766,773.0269911504425,4638.1619469026555,10.99132057970548,1048224.6000000001,2024-08
238,2024-08-26,99828.14,16282.58,64187.89,38,95,-19357.67,428.48894736842107,750.5875187969925,4503.525112781956,10.510248024926904,1197937.68,2024-08
239,2024-08-27,100696.24,18021.5,56064.93,42,69,-26609.810000000012,429.0833333333333,907.1733333333334,5443.040000000001,12.685274810642845,1208354.8800000001,2024-08
240,2024-08-28,90584.39,17939.4,64827.57,26,89,-7817.419999999998,689.9769230769232,787.690347826087,4726.142086956522,6.84971037274767,1087012.68,2024-08
241,2024-08-29,90086.34,17194.14,60033.12,37,92,-12859.079999999987,464.7064864864865,698.3437209302325,4190.062325581395,9.016578092682252,1081036.08,2024-08
242,2024-08-30,101424.93,21207.55,60450.9,31,71,-19766.479999999996,684.1145161290323,994.3620588235293,5966.172352941176,8.721014117197717,1217099.16,2024-08
243,2024-08-31,97180.98,17585.49,62700.79,39,79,-16894.699999999997,450.91,823.567627118644,4941.405762711865,10.95874068597251,1166171.76,2024-08
244,2024-09-01,85006.73,16430.67,62674.98,30,86,-5901.080000000002,547.689,732.8166379310344,4396.899827586207,8.028095922295696,1020080.76,2024-09
245,2024-09-02,95565.66,16993.6,57719.53,27,79,-20852.53,629.3925925925926,901.5628301886793,5409.376981132076,8.594599054383183,1146787.92,2024-09
246,2024-09-03,101829.79,19643.57,61850.93,42,85,-20335.289999999994,467.7040476190476,801.8093700787401,4810.85622047244,10.286112008145286,1221957.48,2024-09
247,2024-09-04,93649.9,16674.27,59495.48,27,72,-17480.149999999994,617.5655555555555,945.9585858585858,5675.7515151515145,9.190524737160361,1123798.7999999998,2024-09
248,2024-09-05,100228.49,15361.83,59307.14,27,92,-25559.520000000004,568.9566666666667,842.256218487395,5053.53731092437,8.882112833884895,1202741.8800000001,2024-09
249,2024-09-06,105630.64,18342.48,62293.1,40,67,-24995.059999999998,458.562,987.2022429906542,5923.213457943925,12.916930443307393,1267567.68,2024-09
250,2024-09-07,101535.4,17219.43,52481.99,33,74,-31833.979999999996,521.800909090909,948.9289719626167,5693.5738317757005,10.91139116966114,1218424.7999999998,2024-09
251,2024-09-08,100301.11,18179.26,58257.36,41,86,-23864.490000000005,443.39658536585364,789.7725196850394,4738.635118110236,10.687125869948485,1203613.32,2024-09
252,2024-09-09,93448.18,18631.29,60173.86,28,75,-14643.029999999999,665.4032142857143,907.2638834951456,5443.583300970873,8.180879178370605,1121378.16,2024-09
253,2024-09-10,105382.92,15848.28,55904.59,36,94,-33630.05,440.23,810.6378461538461,4863.827076923077,11.048377159491803,1264595.04,2024-09
254,2024-09-11,101007.54,20004.32,58830.65,46,91,-22172.569999999992,434.87652173913045,737.2813138686131,4423.687883211678,10.172284917844605,1212090.48,2024-09
255,2024-09-12,95475.89,16056.97,59895.11,35,92,-19523.809999999998,458.77057142857143,751.7786614173228,4510.671968503937,9.832086557902132,1145710.68,2024-09
256,2024-09-13,82867.84,18474.41,57253.77,42,93,-7139.6600000000035,439.8669047619048,613.8358518518518,3683.015111111111,8.37302163731706,994414.08,2024-09
257,2024-09-14,87294.84,19885.62,63196.74,41,73,-4212.479999999996,485.0151219512195,765.7442105263158,4594.465263157895,9.472828897941008,1047538.08,2024-09
258,2024-09-15,95281.69,16211.93,65800.83,45,87,-13268.929999999993,360.26511111111114,721.8309848484848,4330.9859090909085,12.02166342373122,1143380.28,2024-09
259,2024-09-16,95696.57,16552.43,59907.82,29,79,-19236.320000000007,570.773448275862,886.0793518518519,5316.476111111111,9.314511961217914,1148358.84,2024-09
260,2024-09-17,94493.49,16457.37,55141.05,35,72,-22895.070000000007,470.2105714285714,883.1167289719626,5298.700373831776,11.268781894319211,1133921.8800000001,2024-09
261,2024-09-18,96288.47,17041.79,57139.53,40,80,-22107.149999999994,426.04475,802.4039166666666,4814.4235,11.300276555455735,1155461.6400000001,2024-09
262,2024-09-19,95967.34,18522.21,60071.59,28,80,-17373.540000000008,661.5074999999999,888.5864814814814,5331.518888888889,8.059649949379091,1151608.08,2024-09
263,2024-09-20,93072.15,20376.59,59286.02,36,78,-13409.539999999994,566.0163888888889,816.4223684210526,4898.534210526315,8.654403488461384,1116865.7999999998,2024-09
264,2024-09-21,98231.63,18297.49,54760.43,43,84,-25173.710000000006,425.523023255814,773.4774015748031,4640.864409448819,10.906259252296309,1178779.56,2024-09
265,2024-09-22,101435.19,19962.33,62230.52,31,79,-19242.339999999997,643.9461290322581,922.1380909090909,5532.828545454546,8.592067404410752,1217222.28,2024-09
266,2024-09-23,95968.35,16072.83,59182.23,22,98,-20713.290000000008,730.5831818181819,799.73625,4798.4175000000005,6.567927676706591,1151620.2000000002,2024-09
267,2024-09-24,97472.26,15927.6,63844.8,33,84,-17699.859999999986,482.6545454545455,833.0962393162392,4998.577435897436,10.356428801866908,1169667.1199999999,2024-09
268,2024-09-25,101917.68,18003.49,57810.69,45,81,-26103.499999999985,400.0775555555556,808.8704761904761,4853.222857142857,12.130705133917287,1223012.16,2024-09
269,2024-09-26,99023.52,17532.56,59059.65,31,82,-22431.309999999998,565.5664516129033,876.3143362831859,5257.886017699115,9.296672394029882,1188282.24,2024-09
270,2024-09-27,98079.28,16050.49,63517.12,35,85,-18511.67,458.58542857142857,817.3273333333333,4903.964,10.693676018613761,1176951.3599999999,2024-09
271,2024-09-28,93013.13,15811.14,62513.46,28,79,-14688.529999999999,564.6835714285714,869.2815887850468,5215.689532710281,9.23648180434098,1116157.56,2024-09
272,2024-09-29,98851.47,18001.68,59389.07,33,77,-21460.72,545.5054545454545,898.6497272727273,5391.898363636364,9.884224472382577,1186217.6400000001,2024-09
273,2024-09-30,101526.04,19169.62,63208.12,36,78,-19148.29999999999,532.4894444444444,890.5792982456139,5343.475789473683,10.03489523637154,1218312.48,2024-09
274,2024-10-01,95995.83,18799.89,63794.93,35,78,-13401.009999999995,537.1397142857143,849.5206194690265,5097.12371681416,9.489381591514396,1151949.96,2024-10
275,2024-10-02,104578.42,19087.28,64746.75,36,85,-20744.39,530.2022222222222,864.2844628099174,5185.706776859504,9.780620600051037,1254941.04,2024-10
276,2024-10-03,95294.8,17627.92,61574.85,33,70,-16092.030000000013,534.1793939393939,925.1922330097087,5551.153398058253,10.391927245864649,1143537.6,2024-10
277,2024-10-04,97760.11,17271.01,64767.94,31,75,-15721.160000000003,557.1293548387097,922.2651886792453,5533.591132075471,9.932327356323666,1173121.32,2024-10
278,2024-10-05,103657.62,18223.26,59686.09,34,81,-25748.270000000004,535.9782352941176,901.3706086956521,5408.223652173912,10.090379228190404,1243891.44,2024-10
279,2024-10-06,100094.58,20277.17,66737.9,39,73,-13079.51000000001,519.9274358974359,893.7016071428571,5362.209642857143,10.313380815539277,1201134.96,2024-10
280,2024-10-07,97079.28,16979.86,54142.1,35,78,-25957.320000000007,485.13885714285715,859.1086725663716,5154.65203539823,10.625106522606078,1164951.3599999999,2024-10
281,2024-10-08,101723.55,13902.17,59257.99,30,83,-28563.39,463.40566666666666,900.208407079646,5401.250442477876,11.65555544741118,1220682.6,2024-10
282,2024-10-09,95721.45,17548.28,68085.03,45,81,-10088.14,389.96177777777774,759.6940476190476,4558.164285714286,11.68874629634032,1148657.4,2024-10
283,2024-10-10,90597.15,18178.88,59013.05,28,74,-13405.219999999987,649.2457142857144,888.2073529411764,5329.244117647058,8.208362412542336,1087165.7999999998,2024-10
284,2024-10-11,100061.5,17682.51,63602.15,37,74,-18776.839999999997,477.90567567567564,901.4549549549549,5408.72972972973,11.317567472038757,1200738.0,2024-10
285,2024-10-12,97983.03,16842.51,64383.31,34,82,-16757.210000000006,495.36794117647054,844.6812931034483,5068.08775862069,10.230956300046934,1175796.3599999999,2024-10
286,2024-10-13,98029.53,18173.93,61859.37,30,91,-17996.229999999996,605.7976666666667,810.1614049586776,4860.968429752065,8.024079155832665,1176354.3599999999,2024-10
287,2024-10-14,101594.08,18645.54,51510.83,41,85,-31437.710000000006,454.76926829268297,806.3022222222222,4837.8133333333335,10.637951309893232,1219128.96,2024-10
288,2024-10-15,93573.72,15695.37,58487.85,34,74,-19390.5,461.6285294117647,866.4233333333333,5198.54,11.261305722643048,1122884.6400000001,2024-10
289,2024-10-16,102807.97,18862.04,61952.53,42,87,-21993.399999999994,449.0961904761905,796.961007751938,4781.766046511628,10.64753197180625,1233695.6400000001,2024-10
290,2024-10-17,104504.57,18846.46,61494.34,28,64,-24163.77000000002,673.0878571428572,1135.9192391304348,6815.515434782608,10.125744154282184,1254054.84,2024-10
291,2024-10-18,103974.75,16780.83,60042.44,31,81,-27151.479999999996,541.3170967741936,928.3459821428571,5570.075892857143,10.289857693485448,1247697.0,2024-10
292,2024-10-19,98694.03,16577.57,62489.74,20,77,-19626.72,828.8785,1017.4642268041237,6104.785360824742,7.365114864029821,1184328.3599999999,2024-10
293,2024-10-20,103439.85,16659.09,57728.29,32,75,-29052.47,520.5965625,966.727570093458,5800.365420560748,11.141766654597816,1241278.2000000002,2024-10
294,2024-10-21,101993.09,15963.51,60763.8,29,68,-25265.78,550.4658620689655,1051.4751546391751,6308.85092783505,11.460930391074172,1223917.08,2024-10
295,2024-10-22,100266.88,13302.73,61171.55,28,64,-25792.600000000006,475.09749999999997,1089.8573913043479,6539.144347826087,13.763794479714349,1203202.56,2024-10
296,2024-10-23,102979.61,16381.28,62085.07,34,69,-24513.259999999995,481.8023529411765,999.8020388349514,5998.8122330097085,12.450774049544973,1235755.32,2024-10
297,2024-10-24,101535.35,17812.84,55384.77,32,83,-28337.740000000005,556.65125,882.9160869565218,5297.496521739131,9.51672437947302,1218424.2000000002,2024-10
298,2024-10-25,94959.9,19542.35,60728.62,25,86,-14688.929999999993,781.694,855.4945945945946,5132.967567567567,6.5664666321700915,1139518.7999999998,2024-10
299,2024-10-26,99089.5,19108.05,58162.61,35,76,-21818.839999999997,545.9442857142857,892.6981981981982,5356.189189189189,9.8108714191988,1189074.0,2024-10
300,2024-10-27,96818.9,19191.58,61587.68,37,77,-16039.639999999985,518.6913513513514,849.288596491228,5095.731578947368,9.824207721357626,1161826.7999999998,2024-10
301,2024-10-28,100231.95,18287.64,59087.72,36,83,-22856.589999999997,507.99,842.285294117647,5053.711764705882,9.948447340904117,1202783.4,2024-10
302,2024-10-29,104154.99,19753.4,61137.97,36,88,-23263.62000000001,548.7055555555556,839.9595967741936,5039.757580645162,9.184812381829245,1249859.8800000001,2024-10
303,2024-10-30,100378.58,17699.63,59557.43,50,78,-23121.520000000004,353.99260000000004,784.20765625,4705.2459375,13.291933044645564,1204542.96,2024-10
304,2024-10-31,96703.32,16087.33,59419.58,37,89,-21196.410000000003,434.7927027027027,767.4866666666667,4604.92,10.59107011542624,1160439.84,2024-10
305,2024-11-01,98781.1,18861.31,57563.5,37,72,-22356.290000000008,509.76513513513515,906.248623853211,5437.491743119266,10.666660719505318,1185373.2000000002,2024-11
306,2024-11-02,91815.21,19164.43,62145.23,43,84,-10505.550000000003,445.68441860465117,722.954409448819,4337.726456692913,9.732730774554488,1101782.52,2024-11
307,2024-11-03,95137.74,16596.27,62967.18,41,76,-15574.290000000008,404.78707317073173,813.1430769230769,4878.858461538462,12.052900858028757,1141652.8800000001,2024-11
308,2024-11-04,99916.6,16453.52,63310.47,30,68,-20152.61,548.4506666666667,1019.5571428571429,6117.342857142858,11.153861648710167,1198999.2000000002,2024-11
309,2024-11-05,97209.93,14122.9,60550.92,29,85,-22536.11,486.99655172413793,852.7186842105262,5116.312105263158,10.505848731679157,1166519.16,2024-11
310,2024-11-06,103416.91,19053.28,62475.43,30,88,-21888.20000000001,635.1093333333333,876.4144915254237,5258.486949152542,8.279656231083376,1241002.92,2024-11
311,2024-11-07,100002.08,17454.54,59475.19,40,76,-23072.34999999999,436.36350000000004,862.0868965517242,5172.521379310345,11.853698531866996,1200024.96,2024-11
312,2024-11-08,100791.8,18071.53,61752.02,41,77,-20968.250000000015,440.7690243902439,854.1677966101695,5125.0067796610165,11.627420476633782,1209501.6,2024-11
313,2024-11-09,101251.77,17849.92,56338.43,40,98,-27063.42,446.24799999999993,733.7084782608696,4402.250869565218,9.86503215603256,1215021.24,2024-11
314,2024-11-10,100200.43,18360.45,57523.51,31,83,-24316.469999999987,592.2725806451613,878.9511403508772,5273.706842105263,8.904188737490811,1202405.16,2024-11
315,2024-11-11,97078.19,16356.81,62079.51,39,77,-18641.869999999995,419.4053846153846,836.8809482758621,5021.285689655173,11.972392043225527,1164938.28,2024-11
316,2024-11-12,96169.71,16147.23,60673.94,32,86,-19348.540000000008,504.6009375,814.9975423728814,4889.985254237288,9.690797005777043,1154036.52,2024-11
317,2024-11-13,102619.79,16790.49,67680.62,34,80,-18148.679999999993,493.8379411764706,900.1735964912281,5401.041578947368,10.936870435836626,1231437.48,2024-11
318,2024-11-14,99401.8,17516.63,60906.82,36,58,-20978.350000000006,486.5730555555556,1057.4659574468085,6344.7957446808505,13.03975974879361,1192821.6,2024-11
319,2024-11-15,107280.24,15926.46,60684.04,39,103,-30669.740000000005,408.3707692307692,755.4946478873239,4532.967887323944,11.100128189543302,1287362.8800000001,2024-11
320,2024-11-16,92489.38,18765.26,67592.93,26,87,-6131.190000000017,721.7407692307692,818.4900884955753,4910.940530973452,6.804299743531918,1109872.56,2024-11
321,2024-11-17,93728.13,20788.12,60983.29,36,84,-11956.720000000001,577.4477777777778,781.06775,4686.4065,8.115723499768137,1124737.56,2024-11
322,2024-11-18,108028.58,18624.62,60652.83,48,83,-28751.130000000005,388.0129166666666,824.6456488549618,4947.87389312977,12.751827788713488,1296342.96,2024-11
323,2024-11-19,100668.46,19424.3,60271.73,43,78,-20972.430000000008,451.7279069767442,831.9707438016529,4991.824462809917,11.050511570601074,1208021.52,2024-11
324,2024-11-20,111234.61,17739.86,60588.98,34,87,-32905.770000000004,521.7605882352941,919.2942975206612,5515.765785123967,10.57144964471055,1334815.32,2024-11
325,2024-11-21,97562.29,20249.4,59898.73,42,88,-17414.15999999999,482.1285714285715,750.4791538461538,4502.874923076923,9.339572864837018,1170747.48,2024-11
326,2024-11-22,91013.48,19468.5,58102.48,33,66,-13442.499999999985,589.9545454545455,919.3280808080808,5515.968484848485,9.349819451935177,1092161.76,2024-11
327,2024-11-23,104581.82,17528.65,63830.96,48,78,-23222.210000000006,365.1802083333334,830.0144444444445,4980.086666666667,13.637340011923337,1254981.84,2024-11
328,2024-11-24,109078.06,18305.33,59111.65,45,88,-31661.079999999987,406.7851111111112,820.1357894736842,4920.814736842105,12.096840819471415,1308936.72,2024-11
329,2024-11-25,94404.43,15981.64,61807.73,33,75,-16615.059999999998,484.2921212121212,874.1150925925925,5244.690555555555,10.829601238254229,1132853.16,2024-11
330,2024-11-26,88098.93,18466.42,63190.22,34,88,-6442.289999999994,543.13,722.1223770491803,4332.734262295082,7.97734292396863,1057187.16,2024-11
331,2024-11-27,103205.47,15509.72,62874.96,30,68,-24820.790000000008,516.9906666666667,1053.1170408163266,6318.70224489796,12.222081852344129,1238465.6400000001,2024-11
332,2024-11-28,97869.46,18238.43,58690.26,31,72,-20940.770000000004,588.3364516129033,950.188932038835,5701.13359223301,9.690260694545708,1174433.52,2024-11
333,2024-11-29,95882.87,19196.27,63375.77,37,75,-13310.830000000002,518.8181081081082,856.0970535714285,5136.582321428571,9.900545569157815,1150594.44,2024-11
334,2024-11-30,99053.98,18899.49,64374.17,43,82,-15780.319999999992,439.523023255814,792.43184,4754.591039999999,10.817615434067266,1188647.76,2024-11
335,2024-12-01,100182.31,18343.98,59635.2,41,88,-22203.130000000005,447.4141463414634,776.6070542635658,4659.642325581395,10.414606609298376,1202187.72,2024-12
336,2024-12-02,104756.25,15970.98,65251.84,37,80,-23533.430000000008,431.6481081081081,895.3525641025641,5372.115384615385,12.445590015814261,1257075.0,2024-12
337,2024-12-03,96577.7,19145.28,61582.41,45,86,-15850.009999999995,425.4506666666666,737.2343511450381,4423.4061068702285,10.39698948300366,1158932.4,2024-12
338,2024-12-04,102782.35,18991.41,64165.77,34,71,-19625.170000000013,558.5708823529412,978.8795238095239,5873.277142857143,10.514828696612987,1233388.2000000002,2024-12
339,2024-12-05,103803.93,18913.65,64540.81,42,99,-20349.47,450.32500000000005,736.1980851063829,4417.188510638298,9.808890269557091,1245647.16,2024-12
340,2024-12-06,96301.5,17683.35,64326.61,33,90,-14291.540000000008,535.8590909090908,782.939024390244,4697.634146341464,8.76654744883002,1155618.0,2024-12
341,2024-12-07,106069.51,15996.79,61204.91,35,81,-28867.809999999983,457.0511428571429,914.3923275862069,5486.353965517241,12.003807563461383,1272834.1199999999,2024-12
342,2024-12-08,101923.32,17292.72,64408.49,28,81,-20222.110000000015,617.5971428571429,935.0763302752295,5610.457981651377,9.084332799365198,1223079.84,2024-12
343,2024-12-09,104056.86,17574.54,59759.67,31,85,-26722.65000000001,566.9206451612904,897.0418965517241,5382.251379310344,9.49383555749514,1248682.32,2024-12
344,2024-12-10,105433.85,16253.47,66019.83,41,85,-23160.550000000003,396.4260975609756,836.7765873015874,5020.659523809524,12.664805760012507,1265206.2000000002,2024-12
345,2024-12-11,103386.25,15647.65,63645.96,28,83,-24092.64,558.8446428571428,931.4076576576576,5588.445945945946,9.999999136387029,1240635.0,2024-12
346,2024-12-12,98997.68,20622.19,60848.6,45,61,-17526.89,458.27088888888886,933.9403773584905,5603.642264150943,12.22779452069797,1187972.16,2024-12
347,2024-12-13,93671.21,18571.23,63997.35,40,71,-11102.630000000005,464.28075,843.8847747747749,5063.308648648649,10.905704465775608,1124054.52,2024-12
348,2024-12-14,100204.67,18731.22,59636.72,26,67,-21836.729999999996,720.4315384615385,1077.4695698924731,6464.817419354838,8.973534713874793,1202456.04,2024-12
349,2024-12-15,97550.25,19685.7,65669.75,38,77,-12194.800000000003,518.0447368421053,848.2630434782609,5089.578260869565,9.824592161469669,1170603.0,2024-12
350,2024-12-16,101982.81,16185.53,59834.42,34,74,-25962.86,476.045,944.2852777777778,5665.711666666666,11.901630448101894,1223793.72,2024-12
351,2024-12-17,97444.21,20879.78,66657.38,45,73,-9907.050000000003,463.9951111111111,825.7983898305085,4954.790338983052,10.678539968057008,1169330.52,2024-12
352,2024-12-18,106621.89,20686.1,59304.37,43,99,-26631.42,481.0720930232558,750.8583802816902,4505.150281690141,9.364813189179017,1279462.68,2024-12
353,2024-12-19,98004.49,19216.01,63729.77,32,85,-15058.710000000006,600.5003125,837.6452136752138,5025.871282051283,8.36947321663764,1176053.8800000001,2024-12
354,2024-12-20,101509.05,18333.18,58150.68,36,77,-25025.190000000002,509.255,898.3101769911505,5389.861061946903,10.583815695372461,1218108.6,2024-12
355,2024-12-21,105291.27,19254.91,59721.01,61,66,-26315.350000000006,315.654262295082,829.0651181102362,4974.390708661417,15.758984759126188,1263495.24,2024-12
356,2024-12-22,102126.64,19656.67,61505.71,44,82,-20964.259999999995,446.74249999999995,810.5288888888889,4863.173333333333,10.885853334601775,1225519.68,2024-12
357,2024-12-23,94815.11,16488.81,64921.12,37,87,-13405.179999999993,445.64351351351354,764.6379838709678,4587.827903225807,10.29483828240818,1137781.32,2024-12
358,2024-12-24,98993.17,17400.99,60139.42,23,86,-21452.759999999995,756.5647826086957,908.1942201834862,5449.165321100917,7.2025098793414095,1187918.04,2024-12
359,2024-12-25,98816.89,17576.32,63642.21,46,71,-17598.36,382.09391304347827,844.5888034188034,5067.532820512821,13.262532187829406,1185802.68,2024-12
360,2024-12-26,107385.78,19786.94,60670.14,37,82,-26928.699999999997,534.7821621621621,902.4015126050421,5414.409075630252,10.124513229348214,1288629.3599999999,2024-12
361,2024-12-27,103293.69,17286.62,58852.87,43,88,-27154.199999999997,402.01441860465115,788.5014503816794,4731.008702290077,11.768256269789775,1239524.28,2024-12
362,2024-12-28,96474.97,19514.58,61214.42,38,97,-15745.970000000001,513.5415789473685,714.6294074074074,4287.776444444444,8.349424117192829,1157699.6400000001,2024-12
363,2024-12-29,111828.89,17660.46,65646.76,34,75,-28521.67,519.425294117647,1025.953119266055,6155.718715596329,11.85101839534617,1341946.68,2024-12
364,2024-12-30,103226.81,17459.81,61624.63,38,70,-24142.369999999995,459.46868421052636,955.8037962962962,5734.822777777777,12.481422510070587,1238721.72,2024-12
365,2024-12-31,110578.16,19689.56,64160.15,46,67,-26728.449999999997,428.03391304347826,978.5677876106195,5871.406725663717,13.71715311975133,1326937.92,2024-12
366,2025-01-01,97998.25,17275.48,72023.28,32,90,-8699.490000000005,539.85875,803.264344262295,4819.586065573771,8.92749458182121,1175979.0,2025-01
367,2025-01-02,109711.4,19346.53,62447.13,53,76,-27917.73999999999,365.0288679245283,850.475968992248,5102.855813953488,13.979321260170938,1316536.7999999998,2025-01
368,2025-01-03,102403.0,17255.69,63773.63,29,85,-21373.680000000008,595.0237931034483,898.2719298245614,5389.631578947368,9.057842125668326,1228836.0,2025-01
369,2025-01-04,118542.3,19172.54,65104.55,37,70,-34265.21000000001,518.1767567567567,1107.8719626168224,6647.231775700935,12.828116446800195,1422507.6,2025-01
370,2025-01-05,106457.56,17173.97,62067.9,28,86,-27215.690000000002,613.3560714285715,933.838245614035,5603.02947368421,9.135035478876338,1277490.72,2025-01
371,2025-01-06,102268.55,16693.02,63520.8,24,70,-22054.729999999996,695.5425,1087.9632978723405,6527.779787234043,9.385163073764785,1227222.6,2025-01
372,2025-01-07,100260.1,16683.44,62740.95,34,73,-20835.710000000006,490.6894117647058,937.0102803738318,5622.061682242991,11.457475028906611,1203121.2000000002,2025-01
373,2025-01-08,102329.59,16514.37,61733.68,35,78,-24081.539999999994,471.8391428571428,905.571592920354,5433.429557522124,11.515427746458046,1227955.08,2025-01
374,2025-01-09,113290.83,19174.82,60859.12,38,92,-33256.89,504.60052631578947,871.4679230769231,5228.807538461539,10.362271273552423,1359489.96,2025-01
375,2025-01-10,106673.15,17079.16,63757.06,36,76,-25836.929999999993,474.4211111111111,952.4388392857143,5714.633035714285,12.045486387252902,1280077.7999999998,2025-01
376,2025-01-11,99084.92,19586.3,66111.35,33,78,-13387.26999999999,593.5242424242424,892.656936936937,5355.941621621621,9.023964378852234,1189019.04,2025-01
377,2025-01-12,102954.9,22550.39,60236.1,48,73,-20168.410000000003,469.79979166666664,850.8669421487602,5105.2016528925615,10.866760146447266,1235458.7999999998,2025-01
378,2025-01-13,105595.18,21266.73,64724.32,50,75,-19604.12999999999,425.33459999999997,844.76144,5068.5686399999995,11.91666194097541,1267142.16,2025-01
379,2025-01-14,106201.8,16659.53,63035.06,33,77,-26507.210000000006,504.8342424242424,965.4709090909091,5792.825454545455,11.474707869909896,1274421.6,2025-01
380,2025-01-15,104105.88,18735.03,66225.29,55,84,-19145.560000000012,340.63690909090906,748.9631654676259,4493.7789928057555,13.192284432120823,1249270.56,2025-01
381,2025-01-16,93149.55,20457.72,62240.29,42,72,-10451.539999999994,487.08857142857147,817.1013157894737,4902.607894736842,10.065126102955137,1117794.6,2025-01
382,2025-01-17,101326.27,18390.41,61937.77,41,86,-20998.09000000001,448.5465853658537,797.8446456692914,4787.067874015748,10.6723984312827,1215915.24,2025-01
383,2025-01-18,93484.17,19654.08,60374.94,39,89,-13455.149999999994,503.95076923076925,730.345078125,4382.07046875,8.695433634199617,1121810.04,2025-01
384,2025-01-19,100905.13,18809.39,65195.84,43,89,-16899.90000000001,437.4276744186046,764.432803030303,4586.596818181818,10.485383267709276,1210861.56,2025-01
385,2025-01-20,111919.11,19310.64,61276.74,41,70,-31331.729999999996,470.99121951219513,1008.2802702702703,6049.681621621622,12.84457410456031,1343029.32,2025-01
386,2025-01-21,106186.88,19400.38,64487.88,41,93,-22298.62000000001,473.18,792.4394029850747,4754.6364179104485,10.048261587367277,1274242.56,2025-01
387,2025-01-22,106324.54,17166.41,65125.78,34,74,-24032.34999999999,504.89441176470586,984.4864814814814,5906.918888888888,11.699315245425352,1275894.48,2025-01
388,2025-01-23,99383.83,17547.66,62856.48,44,71,-18979.690000000002,398.81045454545455,864.2072173913043,5185.243304347826,13.00177376307179,1192605.96,2025-01
389,2025-01-24,97868.16,17372.77,68561.85,41,88,-11933.539999999994,423.72609756097563,758.6679069767442,4552.007441860465,10.742806421559663,1174417.92,2025-01
390,2025-01-25,99500.33,20079.37,64555.52,37,71,-14865.440000000002,542.6856756756756,921.2993518518518,5527.796111111111,10.185999665881505,1194003.96,2025-01
391,2025-01-26,107790.26,19448.41,59974.59,34,89,-28367.259999999995,572.0120588235294,876.3435772357723,5258.061463414633,9.192221356712324,1293483.1199999999,2025-01
392,2025-01-27,101604.14,19636.24,64893.33,37,73,-17074.569999999992,530.7091891891893,923.674,5542.044,10.442713472640381,1219249.68,2025-01
393,2025-01-28,102457.79,18915.82,63357.66,34,93,-20184.309999999983,556.3476470588236,806.7542519685039,4840.5255118110235,8.700540996984259,1229493.48,2025-01
394,2025-01-29,106891.29,19256.63,65591.8,27,87,-22042.859999999986,713.2085185185185,937.6428947368421,5625.857368421052,7.888096149085713,1282695.48,2025-01
395,2025-01-30,97602.14,17266.98,63487.76,40,75,-16847.399999999994,431.67449999999997,848.7142608695652,5092.285565217391,11.796586467853421,1171225.68,2025-01
396,2025-01-31,108454.35,20795.0,65416.43,43,91,-22242.920000000013,483.6046511627907,809.3608208955225,4856.164925373135,10.041600951721318,1301452.2000000002,2025-01
397,2025-02-01,110862.9,19028.53,64363.71,43,86,-27470.660000000003,442.52395348837206,859.4023255813953,5156.413953488372,11.652282125839463,1330354.7999999998,2025-02
398,2025-02-02,107971.32,16721.84,65430.95,39,82,-25818.530000000013,428.76512820512824,892.324958677686,5353.949752066116,12.486905766983687,1295655.84,2025-02
399,2025-02-03,95035.87,21761.64,62846.76,47,98,-10427.470000000001,463.01361702127656,655.4197931034482,3932.5187586206894,8.493311241945571,1140430.44,2025-02
400,2025-02-04,115412.94,18845.54,67434.39,33,84,-29133.01000000001,571.0769696969697,986.4353846153847,5918.612307692309,10.363948507384038,1384955.28,2025-02
401,2025-02-05,112371.38,19693.92,61796.56,38,90,-30880.90000000001,518.2610526315789,877.90140625,5267.4084375,10.163620072844818,1348456.56,2025-02
402,2025-02-06,113498.8,20140.16,65716.6,40,69,-27642.039999999994,503.504,1041.273394495413,6247.640366972478,12.40832320492484,1361985.6,2025-02
403,2025-02-07,108108.44,19448.28,63894.59,40,76,-24765.570000000007,486.207,931.9693103448276,5591.8158620689655,11.5008954253414,1297301.28,2025-02
404,2025-02-08,105486.26,18200.91,65129.07,39,71,-22156.28,466.69,958.966,5753.796,12.328946409822366,1265835.1199999999,2025-02
405,2025-02-09,102128.59,20231.03,62685.27,50,91,-19212.290000000008,404.62059999999997,724.3162411347517,4345.897446808511,10.740672735912385,1225543.08,2025-02
406,2025-02-10,103401.85,18602.9,63998.42,26,72,-20800.53,715.4961538461539,1055.120918367347,6330.725510204082,8.84802172055465,1240822.2000000002,2025-02
407,2025-02-11,102315.11,18170.47,63797.37,30,74,-20347.270000000004,605.6823333333334,983.7991346153847,5902.794807692308,9.745694207732063,1227781.32,2025-02
408,2025-02-12,100096.0,17353.73,63226.39,30,85,-19515.880000000005,578.4576666666667,870.4,5222.4,9.028145534130125,1201152.0,2025-02
409,2025-02-13,104416.39,19818.94,63051.73,32,91,-21545.72,619.341875,848.9137398373983,5093.48243902439,8.224023991635299,1252996.68,2025-02
410,2025-02-14,106082.8,17663.36,66479.38,41,82,-21940.059999999998,430.81365853658536,862.4617886178862,5174.770731707317,12.011621797891229,1272993.6,2025-02
411,2025-02-15,97374.67,19470.3,61783.84,34,65,-16120.529999999999,572.6558823529411,983.5825252525252,5901.4951515151515,10.305482460543246,1168496.04,2025-02
412,2025-02-16,110944.95,18130.89,64481.7,35,82,-28332.36,518.0254285714285,948.2474358974358,5689.484615384615,10.983021878046888,1331339.4,2025-02
413,2025-02-17,103254.21,19687.9,65974.2,36,93,-17592.11,546.8861111111112,800.4202325581396,4802.521395348837,8.781574989336502,1239050.52,2025-02
414,2025-02-18,106251.51,16866.62,64746.79,33,76,-24638.09999999999,511.1096969696969,974.784495412844,5848.706972477064,11.443153998355516,1275018.1199999999,2025-02
415,2025-02-19,115080.53,16428.19,62166.6,32,68,-36485.740000000005,513.3809375,1150.8053,6904.8318,13.449723773586744,1380966.3599999999,2025-02
416,2025-02-20,116144.68,21432.54,71632.34,37,77,-23079.79999999999,579.2578378378379,1018.8129824561403,6112.877894736842,10.552948092258926,1393736.16,2025-02
417,2025-02-21,105892.77,19328.36,61720.09,32,72,-24844.320000000007,604.01125,1018.1997115384615,6109.198269230769,10.114378282243532,1270713.24,2025-02
418,2025-02-22,104010.66,20262.8,61733.41,38,76,-22014.449999999997,533.2315789473683,912.3742105263158,5474.245263157894,10.266168545314567,1248127.92,2025-02
419,2025-02-23,107918.71,20791.99,65666.32,48,85,-21460.399999999994,433.16645833333337,811.4188721804512,4868.513233082707,11.239358771717855,1295024.52,2025-02
420,2025-02-24,108923.04,18570.29,62604.24,43,87,-27748.509999999995,431.8672093023256,837.8695384615385,5027.217230769231,11.640655096020414,1307076.48,2025-02
421,2025-02-25,102510.6,15911.06,63402.15,23,95,-23197.39,691.7852173913043,868.7338983050848,5212.403389830509,7.53471346133455,1230127.2000000002,2025-02
422,2025-02-26,102325.47,18049.53,66068.58,35,87,-18207.36,515.7008571428571,838.7333606557377,5032.400163934426,9.75837075744936,1227905.6400000001,2025-02
423,2025-02-27,106135.35,14939.54,63728.81,35,90,-27467.0,426.84400000000005,849.0828,5094.4968,11.935266279952392,1273624.2000000002,2025-02
424,2025-02-28,107842.29,15874.55,67568.62,32,60,-24399.119999999995,496.0796875,1172.1988043478261,7033.192826086957,14.177546477524254,1294107.48,2025-02
425,2025-03-01,108276.98,15953.83,70474.09,38,73,-21849.059999999998,419.83763157894737,975.4682882882882,5852.80972972973,13.940650597989933,1299323.76,2025-03
426,2025-03-02,104414.84,19583.86,60784.48,32,89,-24046.5,611.995625,862.932561983471,5177.595371900827,8.46018363595463,1252978.08,2025-03
427,2025-03-03,111080.9,18296.2,66447.36,42,85,-26337.339999999997,435.62380952380954,874.6527559055118,5247.916535433071,12.046900148019205,1332970.7999999998,2025-03
428,2025-03-04,106514.18,20111.78,65702.2,46,76,-20700.199999999997,437.21260869565214,873.0670491803278,5238.402295081967,11.981361449547007,1278170.16,2025-03
429,2025-03-05,113935.36,19256.03,66200.72,50,83,-28478.61,385.12059999999997,856.6568421052632,5139.941052631579,13.346315550587477,1367224.32,2025-03
430,2025-03-06,111865.77,18444.69,62812.28,41,76,-30608.800000000003,449.870487804878,956.1176923076923,5736.706153846154,12.751905958175081,1342389.24,2025-03
431,2025-03-07,112360.5,16678.37,64338.59,31,97,-31343.540000000008,538.011935483871,877.81640625,5266.8984375,9.78955686691805,1348326.0,2025-03
432,2025-03-08,110850.4,18861.45,66524.17,37,73,-25464.78,509.7689189189189,1007.730909090909,6046.385454545454,11.86103198949083,1330204.7999999998,2025-03
433,2025-03-09,101973.54,20965.79,67920.22,47,94,-13087.529999999984,446.0806382978724,723.2165957446808,4339.299574468085,9.727612458199761,1223682.48,2025-03
434,2025-03-10,103031.42,21787.44,68420.57,53,75,-12823.409999999989,411.08377358490566,804.93296875,4829.5978125,11.748451587818487,1236377.04,2025-03
435,2025-03-11,106657.22,17939.23,63834.23,30,78,-24883.759999999995,597.9743333333333,987.5668518518519,5925.401111111111,9.909122818166294,1279886.6400000001,2025-03
436,2025-03-12,109666.52,18330.07,60234.19,36,82,-31102.259999999995,509.1686111111111,929.3772881355933,5576.263728813559,10.951703634371725,1315998.24,2025-03
437,2025-03-13,109318.29,20562.24,66049.26,38,84,-22706.789999999994,541.1115789473685,896.0515573770491,5376.309344262295,9.935676029555495,1311819.48,2025-03
438,2025-03-14,109352.1,21113.33,67965.48,40,89,-20273.290000000008,527.83325,847.6906976744186,5086.144186046512,9.63589199059838,1312225.2000000002,2025-03
439,2025-03-15,109539.62,17519.09,73039.03,30,82,-18981.5,583.9696666666666,978.0323214285714,5868.193928571429,10.048799216006246,1314475.44,2025-03
440,2025-03-16,108520.18,18905.69,62984.24,31,78,-26630.25,609.8609677419355,995.5979816513761,5973.587889908256,9.794999525918174,1302242.16,2025-03
441,2025-03-17,108611.4,18613.19,71539.06,32,73,-18459.149999999994,581.6621875,1034.3942857142856,6206.365714285714,10.6700518748878,1303336.7999999998,2025-03
442,2025-03-18,113701.46,18536.51,65631.09,34,89,-29533.860000000015,545.1914705882352,924.4021138211383,5546.41268292683,10.173329888933367,1364417.52,2025-03
443,2025-03-19,114980.98,16973.78,57451.53,41,77,-40555.67,413.9946341463414,974.4150847457627,5846.490508474576,14.122140786993684,1379771.76,2025-03
444,2025-03-20,106358.87,20993.25,60374.77,54,97,-24990.850000000006,388.7638888888889,704.3633774834436,4226.180264900662,10.870814871667596,1276306.44,2025-03
445,2025-03-21,106537.4,18507.29,66123.32,37,70,-21906.78999999998,500.19702702702705,995.6766355140186,5974.059813084112,11.943413275747671,1278448.7999999998,2025-03
446,2025-03-22,108838.92,19951.91,65028.35,38,83,-23858.660000000003,525.0502631578947,899.4952066115702,5396.971239669421,10.278961117378637,1306067.04,2025-03
447,2025-03-23,109460.32,18411.4,66764.65,34,77,-24284.27000000002,541.5117647058823,986.1290090090091,5916.774054054054,10.926399830422339,1313523.84,2025-03
448,2025-03-24,110799.45,21096.67,62012.98,33,78,-27689.800000000003,639.2930303030303,998.1932432432433,5989.15945945946,9.368410377664446,1329593.4,2025-03
449,2025-03-25,105188.79,18477.08,66777.17,35,70,-19934.539999999994,527.9165714285715,1001.7979999999999,6010.788,11.38586724742221,1262265.48,2025-03
450,2025-03-26,108333.07,18526.0,61656.59,37,102,-28150.48000000001,500.7027027027027,779.3746043165468,4676.247625899281,9.339369651207676,1299996.84,2025-03
451,2025-03-27,110471.97,19667.5,68314.17,42,87,-22490.300000000003,468.2738095238095,856.3718604651162,5138.231162790697,10.972706690591549,1325663.6400000001,2025-03
452,2025-03-28,105262.84,22066.29,68597.47,36,81,-14599.079999999987,612.9525,899.6823931623932,5398.094358974359,8.806709098950341,1263154.08,2025-03
453,2025-03-29,111757.2,16398.2,62956.44,42,90,-32402.559999999998,390.43333333333334,846.6454545454545,5079.872727272727,13.010858176229986,1341086.4,2025-03
454,2025-03-30,99300.49,19573.78,60890.06,23,105,-18836.65000000001,851.0339130434783,775.785078125,4654.7104687500005,5.4694770647902455,1191605.8800000001,2025-03
455,2025-03-31,112918.56,18072.18,70218.39,39,99,-24627.98999999999,463.3892307692308,818.2504347826086,4909.502608695651,10.594770621979773,1355022.72,2025-03
456,2025-04-01,105649.54,20660.93,71364.44,45,98,-13624.169999999998,459.13177777777776,738.807972027972,4432.847832167832,9.65484866593868,1267794.48,2025-04
457,2025-04-02,114601.05,17447.49,68169.17,31,78,-28984.39,562.8222580645162,1051.3857798165138,6308.314678899083,11.208360345578164,1375212.6,2025-04
458,2025-04-03,107807.7,17582.58,67654.94,25,66,-22570.179999999993,703.3032000000001,1184.7,7108.200000000001,10.10687851270974,1293692.4,2025-04
459,2025-04-04,110633.37,20979.46,71490.22,35,72,-18163.690000000002,599.4131428571428,1033.9567289719625,6203.740373831775,10.34969027249091,1327600.44,2025-04
460,2025-04-05,108743.01,20525.48,60831.93,37,82,-27385.59999999999,554.7427027027027,913.806806722689,5482.840840336134,9.883574517742677,1304916.1199999999,2025-04
461,2025-04-06,116095.51,19487.59,67925.01,35,74,-28682.910000000003,556.7882857142857,1065.0964220183487,6390.578532110092,11.477573605759009,1393146.1199999999,2025-04
462,2025-04-07,113801.85,16244.36,66334.72,27,66,-31222.770000000004,601.642962962963,1223.675806451613,7342.054838709678,12.203341999633183,1365622.2000000002,2025-04
463,2025-04-08,106617.9,20707.78,65560.38,31,87,-20349.73999999999,667.9929032258065,903.5415254237288,5421.249152542373,8.115728664724735,1279414.7999999998,2025-04
464,2025-04-09,95161.06,18892.17,63588.37,38,82,-12680.51999999999,497.1623684210526,793.0088333333333,4758.053,9.570420655753152,1141932.72,2025-04
465,2025-04-10,101603.62,18554.24,68107.71,30,76,-14941.669999999984,618.4746666666667,958.5247169811321,5751.148301886793,9.298922998549322,1219243.44,2025-04
466,2025-04-11,107874.38,19710.68,66486.13,43,84,-21677.570000000007,458.3879069767442,849.4045669291339,5096.427401574803,11.11815413104553,1294492.56,2025-04
467,2025-04-12,107808.17,17979.87,64554.69,34,85,-25273.61,528.8197058823529,905.9510084033614,5435.706050420168,10.278940043186394,1293698.04,2025-04
468,2025-04-13,114844.11,20276.01,63536.99,45,85,-31031.11,450.578,883.4162307692308,5300.497384615384,11.763773163837081,1378129.32,2025-04
469,2025-04-14,108362.05,20841.83,72372.86,50,79,-15147.36,416.83660000000003,840.0158914728682,5040.09534883721,12.091297522427755,1300344.6,2025-04
470,2025-04-15,102404.8,16691.98,69058.14,40,97,-16654.680000000008,417.29949999999997,747.4802919708029,4484.881751824818,10.747393063794274,1228857.6,2025-04
471,2025-04-16,100728.25,19855.03,70792.6,45,89,-10080.619999999995,441.22288888888886,751.7033582089553,4510.2201492537315,10.222090156318975,1208739.0,2025-04
472,2025-04-17,105446.42,18515.71,64674.02,45,85,-22256.690000000002,411.4602222222222,811.1263076923077,4866.757846153846,11.82801540296986,1265357.04,2025-04
473,2025-04-18,114422.96,21316.04,63493.88,44,85,-29613.040000000008,484.4554545454546,886.9996899224807,5321.998139534884,10.98552630505173,1373075.52,2025-04
474,2025-04-19,102052.88,18763.73,64858.09,41,83,-18431.060000000012,457.65195121951217,823.0070967741935,4938.042580645161,10.789951987502038,1224634.56,2025-04
475,2025-04-20,114007.4,19985.63,64136.38,47,86,-29885.39,425.22617021276596,857.1984962406015,5143.190977443609,12.095189190425803,1368088.7999999998,2025-04
476,2025-04-21,114360.75,19511.07,65882.27,34,83,-28967.410000000003,573.855,977.4423076923077,5864.653846153847,10.219748623178061,1372329.0,2025-04
477,2025-04-22,100398.96,17658.52,67740.44,32,105,-15000.0,551.82875,732.8391240875912,4397.0347445255475,7.968114645214747,1204787.52,2025-04
478,2025-04-23,111515.55,20995.67,67245.5,30,83,-23274.380000000005,699.8556666666666,986.8632743362832,5921.179646017699,8.460572555223576,1338186.6,2025-04
479,2025-04-24,124998.02,19339.2,69559.76,31,74,-36099.06000000001,623.8451612903226,1190.4573333333333,7142.744,11.44954620666832,1499976.24,2025-04
480,2025-04-25,113736.24,20055.24,69195.98,36,74,-24485.020000000004,557.09,1033.9658181818181,6203.794909090909,11.136073002730095,1364834.8800000001,2025-04
481,2025-04-26,116074.59,21397.7,71625.01,45,86,-23051.880000000005,475.50444444444446,886.065572519084,5316.3934351145035,11.180533635865194,1392895.08,2025-04
482,2025-04-27,114175.08,22539.03,64717.03,56,67,-26919.020000000004,402.48267857142855,928.2526829268293,5569.516097560976,13.837902583359385,1370100.96,2025-04
483,2025-04-28,109021.96,20958.91,69551.41,33,86,-18511.64,635.1184848484849,916.1509243697479,5496.905546218488,8.65492924132076,1308263.52,2025-04
484,2025-04-29,116826.99,19847.84,67662.79,40,81,-29316.360000000015,496.196,965.5123140495868,5793.073884297521,11.674970947564109,1401923.8800000001,2025-04
485,2025-04-30,113810.29,17313.76,71970.26,30,75,-24526.270000000004,577.1253333333333,1083.9075238095238,6503.445142857143,11.268687696128069,1365723.48,2025-04
486,2025-05-01,118196.66,15933.89,71326.9,29,77,-30935.87000000001,549.4444827586207,1115.0628301886793,6690.376981132076,12.176620552346616,1418359.92,2025-05
487,2025-05-02,112858.12,17945.17,70943.94,28,68,-23969.009999999995,640.8989285714285,1175.6054166666665,7053.6325,11.005842240558323,1354297.44,2025-05
488,2025-05-03,116736.11,21276.86,69164.02,42,83,-26295.229999999996,506.5919047619048,933.88888,5603.33328,11.060842519055912,1400833.32,2025-05
489,2025-05-04,113104.31,22823.47,64559.72,54,67,-25721.119999999995,422.65685185185185,934.7463636363636,5608.478181818182,13.269578281399884,1357251.72,2025-05
490,2025-05-05,116969.29,23184.06,68228.39,47,84,-25556.839999999997,493.2778723404256,892.8953435114503,5357.372061068701,10.86075893826314,1403631.48,2025-05
491,2025-05-06,106903.66,19709.99,65908.19,43,75,-21285.479999999996,458.3718604651163,905.9632203389831,5435.779322033899,11.858885308793036,1282843.92,2025-05
492,2025-05-07,119437.19,20584.31,71910.78,40,85,-26942.100000000006,514.60775,955.49752,5732.98512,11.140495105252496,1433246.28,2025-05
493,2025-05-08,104841.36,20791.92,67019.96,46,85,-17029.479999999996,451.9982608695652,800.3157251908397,4801.894351145038,10.623700945014782,1258096.32,2025-05
494,2025-05-09,110194.08,22128.27,69820.79,39,77,-18245.020000000004,567.3915384615385,949.9489655172414,5699.693793103448,10.045433191615723,1322328.96,2025-05
495,2025-05-10,110995.02,19869.87,61433.8,32,76,-29691.350000000006,620.9334375,1027.7316666666668,6166.390000000001,9.930839003979395,1331940.24,2025-05
496,2025-05-11,102774.54,17728.43,65728.94,38,69,-19317.17,466.53763157894736,960.5097196261681,5763.058317757009,12.352826283814547,1233294.48,2025-05
497,2025-05-12,121574.3,21947.59,73313.59,42,68,-26313.12000000001,522.5616666666667,1105.2209090909091,6631.325454545455,12.690034263028837,1458891.6,2025-05
498,2025-05-13,114401.83,18688.39,74423.17,45,76,-21290.270000000004,415.29755555555556,945.4696694214877,5672.818016528926,13.659647018485897,1372821.96,2025-05
499,2025-05-14,117888.74,18566.07,68198.43,38,77,-31124.240000000005,488.5807894736842,1025.1194782608695,6150.716869565217,12.588945374194875,1414664.8800000001,2025-05
500,2025-05-15,111630.14,19686.5,73917.63,29,87,-18026.009999999995,678.8448275862069,962.3287931034482,5773.972758620689,8.505585553551926,1339561.68,2025-05
501,2025-05-16,105134.06,23216.77,66822.81,54,74,-15094.479999999996,429.9401851851852,821.35984375,4928.1590625,11.462429501390588,1261608.72,2025-05
502,2025-05-17,114307.88,16020.83,70118.21,35,65,-28168.839999999997,457.738,1143.0788,6858.4728,14.983402732567537,1371694.56,2025-05
503,2025-05-18,112822.89,18816.4,66898.77,36,77,-27107.719999999987,522.6777777777778,998.4326548672566,5990.5959292035395,11.461355703074307,1353874.68,2025-05
504,2025-05-19,116459.67,20150.1,64266.12,39,89,-32043.449999999997,516.6692307692307,909.841171875,5459.04703125,10.565845043883158,1397516.04,2025-05
505,2025-05-20,109659.16,17183.98,71371.82,40,90,-21103.36,429.5995,843.532,5061.192,11.781186896167245,1315909.92,2025-05
506,2025-05-21,114716.73,21876.94,69782.75,44,72,-23057.039999999994,497.2031818181818,988.9373275862068,5933.623965517241,11.934002400827476,1376600.76,2025-05
507,2025-05-22,111958.42,17934.74,69130.15,24,87,-24893.53,747.2808333333334,1008.6344144144144,6051.806486486486,8.098436647293223,1343501.04,2025-05
508,2025-05-23,115989.01,18165.29,67953.47,29,71,-29870.249999999985,626.3893103448277,1159.8900999999998,6959.3405999999995,11.110248027969824,1391868.1199999999,2025-05
509,2025-05-24,108551.17,19694.92,66642.18,40,77,-22214.070000000007,492.37299999999993,927.7877777777778,5566.726666666667,11.305913741546892,1302614.04,2025-05
510,2025-05-25,112734.1,18138.52,73447.17,44,103,-21148.410000000003,412.2390909090909,766.8986394557824,4601.391836734694,11.161949310987143,1352809.2000000002,2025-05
511,2025-05-26,122190.44,20168.53,64385.82,43,99,-37636.09,469.0355813953488,860.4960563380282,5162.976338028169,11.007643221157482,1466285.28,2025-05
512,2025-05-27,110495.26,19587.22,68157.8,31,73,-22750.23999999999,631.8458064516129,1062.454423076923,6374.7265384615375,10.089054122652815,1325943.1199999999,2025-05
513,2025-05-28,112427.61,21391.52,62151.06,31,84,-28885.03,690.0490322580646,977.6313913043479,5865.788347826087,8.500538474246275,1349131.32,2025-05
514,2025-05-29,111385.1,16029.69,67420.07,29,83,-27935.339999999997,552.7479310344828,994.5098214285715,5967.058928571429,10.795262349338723,1336621.2000000002,2025-05
515,2025-05-30,112639.08,18557.15,63747.2,32,70,-30334.729999999996,579.9109375,1104.304705882353,6625.828235294117,11.425596254242258,1351668.96,2025-05
516,2025-05-31,115581.5,22856.33,71022.5,33,76,-21702.67,692.6160606060606,1060.380733944954,6362.284403669724,9.185874780470044,1386978.0,2025-05
517,2025-06-01,112847.56,20031.03,68765.59,34,78,-24050.940000000002,589.1479411764706,1007.5675,6045.405,10.261268142476947,1354170.72,2025-06
518,2025-06-02,115653.2,19172.4,72310.46,37,90,-24170.339999999982,518.172972972973,910.6551181102362,5463.930708661417,10.54460767668484,1387838.4,2025-06
519,2025-06-03,108832.13,18789.06,69957.18,36,77,-20085.890000000014,521.9183333333334,963.1161946902655,5778.697168141593,11.072033303054932,1305985.56,2025-06
520,2025-06-04,108451.68,22435.75,66974.65,48,78,-19041.28,467.4114583333333,860.727619047619,5164.365714285714,11.048864169270663,1301420.16,2025-06
521,2025-06-05,107474.6,22247.75,74329.11,37,81,-10897.740000000005,601.2905405405405,910.8016949152543,5464.810169491526,9.088468553952039,1289695.2000000002,2025-06
522,2025-06-06,116802.73,18792.6,68644.91,43,73,-29365.219999999987,437.03720930232555,1006.9200862068965,6041.520517241379,13.823812683789328,1401632.76,2025-06
523,2025-06-07,112670.2,22085.54,69767.4,49,80,-20817.259999999995,450.725306122449,873.4124031007751,5240.474418604651,11.626758798364355,1352042.4,2025-06
524,2025-06-08,110878.73,17678.61,69904.13,31,80,-23295.98999999999,570.2777419354838,998.9074774774774,5993.444864864865,10.50969452976285,1330544.76,2025-06
525,2025-06-09,126157.78,21000.81,69269.23,35,66,-35887.740000000005,600.023142857143,1249.0869306930692,7494.521584158416,12.490387534840062,1513893.3599999999,2025-06
526,2025-06-10,102714.39,21841.49,71811.16,37,91,-9061.73999999999,590.3105405405406,802.456171875,4814.73703125,8.156278264726902,1232572.68,2025-06
527,2025-06-11,113986.3,20395.71,71684.05,47,82,-21906.539999999994,433.9512765957447,883.6147286821706,5301.688372093024,12.217243405028416,1367835.6,2025-06
528,2025-06-12,109632.23,19111.38,66561.87,39,78,-23958.979999999996,490.03538461538466,937.0276068376068,5622.16564102564,11.472978926691843,1315586.76,2025-06
529,2025-06-13,108524.83,20185.28,65163.48,34,77,-23176.069999999992,593.6847058823529,977.7011711711712,5866.207027027027,9.881014230118133,1302297.96,2025-06
530,2025-06-14,119261.9,20994.18,75990.92,45,86,-22276.79999999999,466.5373333333333,910.3961832061068,5462.377099236641,11.708338666508949,1431142.7999999998,2025-06
531,2025-06-15,106586.78,20601.82,68433.57,36,69,-17551.389999999985,572.2727777777777,1015.1121904761904,6090.673142857143,10.642954512895326,1279041.3599999999,2025-06
532,2025-06-16,124297.06,20108.22,71498.39,45,78,-32690.449999999997,446.84933333333333,1010.5452032520325,6063.271219512195,13.568938716507416,1491564.72,2025-06
533,2025-06-17,110157.5,20167.84,69522.12,52,88,-20467.540000000008,387.8430769230769,786.8392857142857,4721.035714285714,12.172540893960738,1321890.0,2025-06
534,2025-06-18,109246.98,19700.17,72808.29,41,80,-16738.520000000004,480.49195121951215,902.8676033057851,5417.205619834711,11.27429003979271,1310963.76,2025-06
535,2025-06-19,118713.24,22982.65,66416.32,51,77,-29314.270000000004,450.6401960784314,927.4471875,5564.6831250000005,12.348394957718105,1424558.8800000001,2025-06
536,2025-06-20,117286.21,19194.17,68588.09,46,102,-29503.95000000001,417.2645652173913,792.474391891892,4754.846351351352,11.395279512589614,1407434.52,2025-06
537,2025-06-21,118088.93,19409.8,68784.29,38,73,-29894.839999999997,510.78421052631575,1063.8642342342341,6383.185405405405,12.496833836794062,1417067.16,2025-06
538,2025-06-22,115725.31,20483.91,71716.62,49,69,-23524.78,418.0389795918367,980.7229661016949,5884.337796610169,14.07605052130664,1388703.72,2025-06
539,2025-06-23,112340.37,20398.45,70496.42,37,84,-21445.5,551.3094594594595,928.4328099173554,5570.596859504132,10.104301248460196,1348084.44,2025-06
540,2025-06-24,112759.8,19091.88,70560.05,35,87,-23107.869999999995,545.4822857142857,924.260655737705,5545.56393442623,10.166350181591234,1353117.6,2025-06
541,2025-06-25,116185.89,19980.38,70492.06,48,85,-25713.449999999997,416.2579166666667,873.5781203007518,5241.468721804511,12.591877564221328,1394230.68,2025-06
542,2025-06-26,108972.9,21433.44,69317.93,29,79,-18221.53,739.0841379310344,1009.0083333333333,6054.05,8.191286606349705,1307674.7999999998,2025-06
543,2025-06-27,115116.37,18533.48,68367.41,44,71,-28215.479999999996,421.2154545454545,1001.0119130434782,6006.071478260869,14.258905777192316,1381396.44,2025-06
544,2025-06-28,127241.95,20619.56,73410.17,48,67,-33212.22,429.5741666666667,1106.4517391304348,6638.710434782609,15.454165892461585,1526903.4,2025-06
545,2025-06-29,114121.43,22059.29,72792.1,41,86,-19270.03999999998,538.0314634146341,898.5939370078739,5391.563622047243,10.020907676717473,1369457.16,2025-06
546,2025-06-30,119609.64,19907.52,72851.52,35,98,-26850.59999999999,568.7862857142858,899.3206015037593,5395.923609022556,9.486732969038306,1435315.68,2025-06
